	t	H	expr	parvals	sse	bic	Hp
23000	23000	-99.6478795236883	(((((((_a2_ ** _a2_) * T) + _a4_) * _a1_) / _a2_) + ((_a4_ + T) ** (_a4_ + T))) * _a4_)	{'Hungary': {'_a1_': -0.0033441274680987643, '_a2_': 4.035317991499585e-07, '_a4_': 0.005084606467536267, '_a0_': 1.0, '_a3_': 1.0}}	{'Hungary': 0.32123489108196734}	-299.155870125507	49.93005553906533
36000	36000	-120.264209216573	(((((T ** -(_a1_)) * T) * _a1_) * _a2_) * (T + T))	{'Hungary': {'_a1_': 1.8413011818540304, '_a2_': -0.20949899564949412, '_a0_': 1.0, '_a3_': 1.0, '_a4_': 1.0}}	{'Hungary': 0.3237182568429196}	-303.004696625906	31.238139096380262
44000	44000	-117.325921962098	((((-(T) * _a2_) + _a2_) * -((-(T) ** _a3_))) * T)	{'Hungary': {'_a2_': -0.7775711637490209, '_a3_': -0.8403365330495511, '_a0_': 1.0, '_a1_': 1.0, '_a4_': 1.0}}	{'Hungary': 0.32377313630078747}	-302.986558617994	34.167357346899365
24000	24000	-124.445129417436	((((T * T) / T) ** (_a0_ * (_a1_ * T))) * _a1_)	{'Hungary': {'_a0_': 134.44952008319095, '_a1_': -0.2074617782522909, '_a2_': 1.0, '_a3_': 1.0, '_a4_': 1.0}}	{'Hungary': 0.3212256348302731}	-303.831782165525	27.470761665326226
72000	72000	-126.540256032098	((((T / _a2_) * _a0_) ** (T / _a2_)) / _a2_)	{'Hungary': {'_a0_': -9.4145211345e-313, '_a2_': -4.655174867740217, '_a1_': 1.0, '_a3_': 1.0, '_a4_': 1.0}}	{'Hungary': 0.32189340488460594}	-303.609579378547	25.264533657176425
54000	54000	-120.737752012995	((((_a0_ + (T + _a1_)) + T) * _a0_) * (_a2_ + _a2_))	{'Hungary': {'_a0_': -71832133.51299778, '_a1_': 71832133.52292733, '_a2_': 1.4671905593819918e-07, '_a3_': 1.0, '_a4_': 1.0}}	{'Hungary': 0.32123497616407815}	-299.155841785545	28.84016887977753
31000	31000	-108.749985658893	((((_a0_ / _a1_) * (exp(_a2_) * (((_a2_ ** (_a2_ + (_a3_ + _a2_))) ** _a4_) * (sin((((_a2_ ** (_a1_ * P)) + (_a3_ ** _a0_)) * (_a4_ + T))) + P)))) / (pow2(_a2_) ** (_a3_ + _a3_))) + (((T * _a3_) + _a2_) * -(_a3_)))	{'Hungary': {'_a0_': -3.661502362540398e-288, '_a1_': 2.178356589238279, '_a2_': 0.01657373611560908, '_a3_': 9.415328612618893, '_a4_': -13.055489549843537}}	{'Hungary': 0.05240678658448509}	-483.815818549384	133.15792361579906
20000	20000	-121.989163267082	((((_a1_ / _a2_) + -(T)) * pow2(T)) + _a0_)	{'Hungary': {'_a0_': -0.23193854305072725, '_a1_': 7064029.534892701, '_a2_': -455.72034103246114, '_a3_': 1.0, '_a4_': 1.0}}	{'Hungary': 0.3274892282562073}	-297.092636177504	26.557154821670096
69000	69000	-119.284698603426	((((_a3_ ** T) / _a0_) * pow3(_a3_)) + (_a0_ ** _a0_))	{'Hungary': {'_a0_': -3.887896603588018e+208, '_a3_': 2.0250974689348504e+69, '_a1_': 1.0, '_a2_': 1.0, '_a4_': 1.0}}	{'Hungary': 0.3218633062906444}	-303.619584865093	32.52509382911993
100000	100000	-109.243418392197	((((_a3_ / _a2_) * _a3_) + (T / exp((-(exp(_a3_)) * T)))) / _a3_)	{'Hungary': {'_a2_': 0.11359062383657736, '_a3_': -0.023780425291224604, '_a0_': 1.0, '_a1_': 1.0, '_a4_': 1.0}}	{'Hungary': 0.3212408726182601}	-303.826706591013	42.6699349033098
90000	90000	-111.844648944592	((((_a4_ / _a1_) * (T / pow2(-(_a0_)))) ** (T + T)) / _a4_)	{'Hungary': {'_a0_': 2.7558000204874083e-15, '_a1_': 5.570505494857e-08, '_a4_': -4.6690130450720275, '_a2_': 1.0, '_a3_': 1.0}}	{'Hungary': 0.32192119227251303}	-298.927514187776	37.619108149296565
75000	75000	-120.520271308885	(((-((_a3_ * _a3_)) ** exp(T)) * (_a2_ * _a3_)) * _a3_)	{'Hungary': {'_a2_': 1.2784289581093408e-139, '_a3_': -3.595682141184292e+34, '_a0_': 1.0, '_a1_': 1.0, '_a4_': 1.0}}	{'Hungary': 0.32186749365355644}	-303.618192830311	31.288825106270227
29000	29000	-139.336773725214	(((P + cos(_a3_)) + (((T ** (_a3_ * (P / _a1_))) ** (P + ((_a2_ / _a3_) / _a3_))) * (-(log(((T + _a4_) + (((P + P) * ((_a2_ + T) * _a2_)) * _a0_)))) * ((_a1_ * (-(_a1_) + T)) + _a3_)))) + pow2(T))	{'Hungary': {'_a0_': 1.6233365224230558e-12, '_a1_': 31.17328149592252, '_a2_': -56382.34683560324, '_a3_': 971.7857042427382, '_a4_': -0.0003899992593840023}}	{'Hungary': 0.02912471642879294}	-546.672853248724	133.99965289914837
60000	60000	-132.469298728437	(((T * _a4_) + _a2_) / exp(T))	{'Hungary': {'_a2_': -0.20924606688622374, '_a4_': -42.474021315952854, '_a0_': 1.0, '_a1_': 1.0, '_a3_': 1.0}}	{'Hungary': 0.3212289207680036}	-303.830687627914	19.446045085520065
63000	63000	-110.758163484779	(((T ** _a1_) + T) * log(pow2((_a4_ * exp((_a2_ + _a1_))))))	{'Hungary': {'_a1_': 0.1564462602669336, '_a2_': -0.4492229372682015, '_a4_': 0.9178117614894094, '_a0_': 1.0, '_a3_': 1.0}}	{'Hungary': 0.3236055377755571}	-298.369131801913	38.4264024161775
76000	76000	-136.027948131188	(((T ** _a3_) ** T) * _a2_)	{'Hungary': {'_a2_': -0.20746177641103988, '_a3_': -27.89313756462415, '_a0_': 1.0, '_a1_': 1.0, '_a4_': 1.0}}	{'Hungary': 0.32122563483027355}	-303.831782165524	15.887942951574177
69000	69000	-129.253798923289	(((T + (_a0_ ** _a1_)) + _a3_) * _a3_)	{'Hungary': {'_a0_': 1.0865519729247173, '_a1_': 45.073333431504764, '_a3_': -42.15657069909231, '_a2_': 1.0, '_a4_': 1.0}}	{'Hungary': 0.3212349547576324}	-299.155848915808	20.32412553461415
56000	56000	-132.346809504297	(((T + (_a0_ + T)) * _a4_) + _a0_)	{'Hungary': {'_a0_': 0.010424184566042953, '_a4_': -21.07828461007029, '_a1_': 1.0, '_a2_': 1.0, '_a3_': 1.0}}	{'Hungary': 0.3212349547532071}	-303.828677751744	19.567529371574302
23000	23000	-113.256710423488	(((T + (_a3_ * _a1_)) + ((_a3_ / _a2_) / (pow2(_a3_) * T))) * _a2_)	{'Hungary': {'_a1_': -3.01306526344815e-11, '_a2_': -42.16487690776479, '_a3_': -164729257.65830877, '_a0_': 1.0, '_a4_': 1.0}}	{'Hungary': 0.3212362876747854}	-299.155404935981	36.32099204450279
72000	72000	-136.371001524419	(((T + T) ** _a3_) * _a2_)	{'Hungary': {'_a2_': -0.6911362637258494, '_a3_': 0.15869882288041692, '_a0_': 1.0, '_a1_': 1.0, '_a4_': 1.0}}	{'Hungary': 0.32371825684291955}	-303.004696625906	15.13134678853433
41000	41000	-136.592296474749	(((T / _a1_) + _a1_) / _a3_)	{'Hungary': {'_a1_': -0.07046147136115717, '_a3_': 0.3366534062889906, '_a0_': 1.0, '_a2_': 1.0, '_a4_': 1.0}}	{'Hungary': 0.32123495475320696}	-303.828677751744	15.322042401123197
75000	75000	-124.217904637317	(((T / exp(_a3_)) * (_a3_ * (_a1_ * _a1_))) + _a1_)	{'Hungary': {'_a1_': -0.20929974235003923, '_a3_': -5.217372421652848, '_a0_': 1.0, '_a2_': 1.0, '_a4_': 1.0}}	{'Hungary': 0.32123495475320685}	-303.828677751744	27.696434238555288
25000	25000	-152.834893042402	(((_a0_ * (_a1_ + ((pow3(_a2_) ** _a4_) * (sin((((_a2_ ** (_a1_ * P)) + _a2_) * _a4_)) + (_a0_ + _a1_))))) * _a3_) + (((T ** _a3_) / _a2_) / _a4_))	{'Hungary': {'_a0_': -1.9470590619717265e-106, '_a1_': 1.3500359330081375, '_a2_': 0.0023449979498787617, '_a3_': 0.7895240655250726, '_a4_': -13.278093645720379}}	{'Hungary': 0.05183520337452328}	-484.989242357537	89.6597281363657
41000	41000	-113.686513979056	(((_a0_ * (pow2(_a0_) * T)) * (_a2_ * -((_a0_ * (_a0_ / _a0_))))) + _a0_)	{'Hungary': {'_a0_': -0.20929974140584573, '_a2_': 21967.99994356538, '_a1_': 1.0, '_a3_': 1.0, '_a4_': 1.0}}	{'Hungary': 0.32123495475320696}	-303.828677751744	38.22782489681573
61000	61000	-129.446420141316	(((_a0_ * _a0_) ** T) + (_a4_ / _a2_))	{'Hungary': {'_a0_': 2.01316849260219e-10, '_a2_': 3.3794702169824064e+37, '_a4_': -4.0825862236686967e+37, '_a1_': 1.0, '_a3_': 1.0}}	{'Hungary': 0.321112182878178}	-299.196750759972	20.15195523866994
45000	45000	-122.213622635656	(((_a0_ / _a0_) + _a2_) * ((_a2_ + T) / (_a2_ / _a0_)))	{'Hungary': {'_a0_': -0.20826574021445282, '_a2_': 0.004964818889313471, '_a1_': 1.0, '_a3_': 1.0, '_a4_': 1.0}}	{'Hungary': 0.32123495475320696}	-303.828677751744	29.70071624021664
91000	91000	-118.511895307754	(((_a1_ * ((_a0_ * ((_a0_ * T) * _a0_)) / _a3_)) + _a3_) * _a0_)	{'Hungary': {'_a0_': 0.002083997161392112, '_a1_': 224464583230062.5, '_a3_': -100.43186680187644, '_a2_': 1.0, '_a4_': 1.0}}	{'Hungary': 0.32123495475387376}	-299.15584891706	31.06602915077573
77000	77000	-136.803443012348	(((_a1_ * _a3_) ** T) + _a3_)	{'Hungary': {'_a1_': -3.354672866763662e-20, '_a3_': -1.2080545845795023, '_a0_': 1.0, '_a2_': 1.0, '_a4_': 1.0}}	{'Hungary': 0.3211121828561845}	-303.869579601763	15.13134678853428
27000	27000	-130.182565383011	(((_a1_ + _a4_) + (_a1_ * T)) / _a3_)	{'Hungary': {'_a1_': -79659535002.29198, '_a3_': 1889611495.0715084, '_a4_': 79264039792.23726, '_a0_': 1.0, '_a2_': 1.0}}	{'Hungary': 0.32123495475320557}	-299.155848917282	19.39535907563016
93000	93000	-128.86810392313	(((_a2_ * T) / (-(T) ** _a2_)) * _a1_)	{'Hungary': {'_a1_': 0.9170336419284656, '_a2_': 0.8413011834340655, '_a0_': 1.0, '_a3_': 1.0, '_a4_': 1.0}}	{'Hungary': 0.32371825684291955}	-303.004696625906	22.634244389823024
33000	33000	-125.93053432371	(((_a2_ + _a3_) * (T + (_a1_ * _a2_))) + _a1_)	{'Hungary': {'_a1_': 0.0035390115508735164, '_a2_': 1.4266021168615848, '_a3_': -43.58317691953966, '_a0_': 1.0, '_a4_': 1.0}}	{'Hungary': 0.32123495476061403}	-299.155848914814	23.64739013369737
75000	75000	-128.952391189312	(((_a2_ + pow2(_a2_)) / _a2_) + (T * _a3_))	{'Hungary': {'_a2_': -1.209299743295607, '_a3_': -42.156570219351, '_a0_': 1.0, '_a1_': 1.0, '_a4_': 1.0}}	{'Hungary': 0.3212349547532069}	-303.828677751744	22.9619476865602
73000	73000	-129.354908901273	(((_a3_ * (_a3_ * T)) ** T) * (_a1_ * _a3_))	{'Hungary': {'_a1_': -3.421556442638034e-37, '_a3_': 6.2532790268474774e+35, '_a0_': 1.0, '_a2_': 1.0, '_a4_': 1.0}}	{'Hungary': 0.3218917657763351}	-303.610124232927	22.450153215190188
85000	85000	-101.480474776811	(((_a3_ * _a0_) * ((T / (_a1_ / _a1_)) * abs(_a3_))) + (_a3_ + tanh(_a0_)))	{'Hungary': {'_a0_': -67.42819298052356, '_a3_': 0.7907002580300846, '_a1_': 1.0, '_a2_': 1.0, '_a4_': 1.0}}	{'Hungary': 0.32123495475320685}	-299.155848917282	48.09744968182973
25000	25000	-121.46713966706	(((_a3_ * _a0_) / pow2(_a3_)) * ((_a0_ * pow2(_a0_)) ** T))	{'Hungary': {'_a0_': 1.0892996566296807e+23, '_a3_': -5.096533106285319e+23, '_a1_': 1.0, '_a2_': 1.0, '_a4_': 1.0}}	{'Hungary': 0.3218627642251675}	-303.619765069091	30.34274286748541
46000	46000	-119.713015597956	(((_a3_ * log((cosh(T) * T))) * _a0_) + _a3_)	{'Hungary': {'_a0_': 0.073323235958311, '_a3_': -0.5249396339108683, '_a1_': 1.0, '_a2_': 1.0, '_a4_': 1.0}}	{'Hungary': 0.3253453527740157}	-302.468232628411	31.521100716249503
47000	47000	-132.5878333131	(((_a3_ ** (T * _a2_)) * _a2_) + _a3_)	{'Hungary': {'_a2_': -0.21512406827918507, '_a3_': 4.701976404003e-312, '_a0_': 1.0, '_a1_': 1.0, '_a4_': 1.0}}	{'Hungary': 0.3219279956966845}	-303.598081727513	19.21120755065771
62000	62000	-125.418771521466	(((_a3_ / (_a3_ + T)) ** -(_a2_)) * _a4_)	{'Hungary': {'_a2_': 0.15869772259748732, '_a3_': 2.5180735172739387e-303, '_a4_': -7.337906984675508e-49, '_a0_': 1.0, '_a1_': 1.0}}	{'Hungary': 0.32371825684580074}	-298.331867790492	23.74716237377996
53000	53000	-116.558953217707	(((_a4_ * _a1_) * ((pow2(_a1_) * _a0_) ** (_a0_ ** T))) + _a1_)	{'Hungary': {'_a0_': 326604999.8951557, '_a1_': -0.0030113102013706243, '_a4_': 0.023688210331333222, '_a2_': 1.0, '_a3_': 1.0}}	{'Hungary': 0.32196394392607525}	-298.913305358652	32.89769946161938
71000	71000	-131.729686894222	(((_a4_ * _a2_) ** (T / _a2_)) / _a2_)	{'Hungary': {'_a2_': -4.646724507072643, '_a4_': -6.387009150537e-312, '_a0_': 1.0, '_a1_': 1.0, '_a3_': 1.0}}	{'Hungary': 0.3219371558641236}	-303.595037183438	20.067831697497414
74000	74000	-129.864520353145	(((_a4_ + (_a0_ + -(T))) * _a0_) * _a0_)	{'Hungary': {'_a0_': 6.492809186402895, '_a4_': -6.4977740053293225, '_a1_': 1.0, '_a2_': 1.0, '_a3_': 1.0}}	{'Hungary': 0.32123495475320635}	-303.828677751744	22.049818522727517
74000	74000	-122.667449677163	(((_a4_ + sqrt((_a2_ + T))) ** T) * -(_a2_))	{'Hungary': {'_a2_': 0.2137333951736435, '_a4_': 1.2926462818885013e+69, '_a0_': 1.0, '_a1_': 1.0, '_a3_': 1.0}}	{'Hungary': 0.3218627642252738}	-303.619765069056	29.14243285736441
79000	79000	-125.033728277972	(((pow2(_a1_) * ((_a1_ * _a1_) ** T)) / _a3_) * _a1_)	{'Hungary': {'_a1_': 3.595691513893829e+34, '_a3_': -2.175078530571476e+104, '_a0_': 1.0, '_a2_': 1.0, '_a4_': 1.0}}	{'Hungary': 0.32186276422528}	-303.619765069054	26.776154256555248
71000	71000	-129.7175288201	(((pow2(pow2(_a0_)) ** T) / _a0_) * _a2_)	{'Hungary': {'_a0_': -1.8961019479313866e+17, '_a2_': 4.052604016975507e+16, '_a1_': 1.0, '_a3_': 1.0, '_a4_': 1.0}}	{'Hungary': 0.32186276422514126}	-303.6197650691	22.09235371445013
42000	42000	-131.064070662526	(((sqrt(T) * _a4_) + _a1_) * _a2_)	{'Hungary': {'_a1_': 32.66960964043842, '_a2_': -0.005178901511983727, '_a4_': 524.363252694873, '_a0_': 1.0, '_a3_': 1.0}}	{'Hungary': 0.32140865451137196}	-299.098006983406	18.48493282917747
68000	68000	-105.281378113819	((-((T + (((_a3_ * ((_a3_ * T) * _a2_)) * _a2_) * T))) + (_a3_ * _a1_)) / _a3_)	{'Hungary': {'_a1_': -0.20929931301439825, '_a2_': 0.2076069375328471, '_a3_': 0.02372060438837326, '_a0_': 1.0, '_a4_': 1.0}}	{'Hungary': 0.3212349549668312}	-299.155848846126	44.29654630924403
87000	87000	-134.98294599742	((-(T) ** _a0_) + pow2(T))	{'Hungary': {'_a0_': 0.19671803018990672, '_a1_': 1.0, '_a2_': 1.0, '_a3_': 1.0, '_a4_': 1.0}}	{'Hungary': 0.3270747823882022}	-306.573790797319	18.30394940123979
99000	99000	-111.16872219688	((-(T) + ((exp(_a2_) * ((_a4_ * (_a2_ + _a2_)) / T)) * T)) * _a2_)	{'Hungary': {'_a2_': 42.14823122598492, '_a4_': -2.920459632422913e-23, '_a0_': 1.0, '_a1_': 1.0, '_a3_': 1.0}}	{'Hungary': 0.3212349579928538}	-303.828676672651	40.74561613944584
60000	60000	-123.931407871027	((-(_a4_) ** exp(T)) / ((_a0_ * _a0_) * _a0_))	{'Hungary': {'_a0_': 1.6962781686431136e+23, '_a4_': 1.0433101646494885e+69, '_a1_': 1.0, '_a2_': 1.0, '_a3_': 1.0}}	{'Hungary': 0.3218673697095364}	-303.618234033642	27.877709145793137
55000	55000	-132.759867298915	((-(_a4_) / (T + _a0_)) / _a0_)	{'Hungary': {'_a0_': -0.007717424032385056, '_a4_': 1.2958242648590062e-05, '_a1_': 1.0, '_a2_': 1.0, '_a3_': 1.0}}	{'Hungary': 0.32266249135060315}	-303.354233670295	18.91724953623314
58000	58000	-142.030377824338	((P + cos(_a1_)) + (((T ** (_a3_ * (P / _a1_))) ** (P + ((_a2_ / _a3_) / _a3_))) * (-(log(((T + _a4_) + (((((_a2_ * _a3_) * P) * _a3_) * (_a2_ * _a2_)) * _a0_)))) * ((_a1_ * (-(_a1_) + T)) + _a3_))))	{'Hungary': {'_a0_': -1.5164219829740613e-22, '_a1_': 29.305690115578816, '_a2_': -44620.39588849704, '_a3_': 858.83668283909, '_a4_': -0.00038500463510314584}}	{'Hungary': 0.030069320755280644}	-543.257602374026	129.59842336267494
53000	53000	-142.030377835168	((P + cos(_a1_)) + (((T ** (_a3_ * (P / _a1_))) ** (P + ((_a2_ / _a3_) / _a3_))) * (-(log(((T + _a4_) + (((((_a2_ * _a3_) * P) * _a3_) * (_a2_ * _a2_)) * _a0_)))) * ((_a1_ * (-(_a1_) + T)) + _a3_))))	{'Hungary': {'_a0_': -1.5164224391313983e-22, '_a1_': 29.305690122313237, '_a2_': -44620.38614887285, '_a3_': 858.836683236443, '_a4_': -0.0003850045885654519}}	{'Hungary': 0.030069320749193808}	-543.257602395686	129.59842336267494
38000	38000	-141.869963500728	((P + cos(_a1_)) + (((T ** (_a3_ * (P / _a1_))) ** (P + ((_a2_ / _a3_) / _a3_))) * (-(log(((T + _a4_) + (((((_a3_ * _a3_) * P) + _a3_) * (_a2_ * _a2_)) * _a0_)))) * ((_a1_ * (-(_a1_) + T)) + _a3_))))	{'Hungary': {'_a0_': 6.766332887455411e-18, '_a1_': 29.3056901248237, '_a2_': -44620.38391417303, '_a3_': 858.8366833837979, '_a4_': -0.00039657445132647274}}	{'Hungary': 0.03006932074903576}	-543.257602396248	129.75883769739644
64000	64000	-141.938612777303	((P + cos(_a2_)) + (((T ** (_a3_ * (P / _a1_))) ** (P + ((_a2_ / _a3_) / _a3_))) * (-(log(((T + _a4_) + (((((_a2_ * _a3_) * P) * _a3_) * (_a2_ * _a2_)) * _a0_)))) * ((_a1_ * (sin(_a1_) + T)) + _a4_))))	{'Hungary': {'_a0_': -2.0185333323358551e-22, '_a1_': 21.990538322362983, '_a2_': -44713.25398048535, '_a3_': 778.6358070216882, '_a4_': -0.0003980366653396319}}	{'Hungary': 0.028545694831231785}	-548.821525037931	132.47214974166218
63000	63000	-141.80649888517	((P + cos(_a2_)) + (((T ** (_a3_ * (P / _a1_))) ** (P + ((_a2_ / _a3_) / _a3_))) * (-(log(((T + _a4_) + (((((_a2_ * _a3_) * P) * _a3_) * (_a2_ * _a2_)) * _a0_)))) * ((_a1_ * (sin(_a3_) + T)) + _a0_))))	{'Hungary': {'_a0_': -1.9314011971553536e-22, '_a1_': 22.904434643431113, '_a2_': -44713.25422995571, '_a3_': 788.5391823824604, '_a4_': -0.00039538306027691905}}	{'Hungary': 0.028616273207324433}	-548.557297253665	132.47214974166218
60000	60000	-139.599364965477	((P + cos(_a2_)) + (((T ** (_a3_ * (P / _a1_))) ** (P + ((_a2_ / _a3_) / _a3_))) * (-(log(((T + _a4_) + (((((_a2_ * _a3_) * P) * _a3_) * (_a2_ * _a2_)) * _a0_)))) * ((_a1_ * (tan(_a1_) + T)) + _a1_))))	{'Hungary': {'_a0_': -2.0825884287548948e-22, '_a1_': 21.206054972053597, '_a2_': -44713.25354906083, '_a3_': 771.1635925129127, '_a4_': -0.0003997459313696614}}	{'Hungary': 0.0285680983971322}	-548.737580983831	134.76942552643916
61000	61000	-139.639389020458	((P + cos(_a2_)) + (((T ** (_a3_ * (P / _a1_))) ** (P + ((_a2_ / _a3_) / _a3_))) * (-(log(((T + _a4_) + (((((_a2_ * _a3_) * P) * _a3_) * (_a2_ * _a2_)) * _a0_)))) * ((_a1_ * (tan(_a3_) + T)) + _a4_))))	{'Hungary': {'_a0_': -2.0132671982665547e-22, '_a1_': 22.021327192283934, '_a2_': -44713.2539513244, '_a3_': 779.1155878312704, '_a4_': -0.0003978406322250525}}	{'Hungary': 0.02854673421868112}	-548.817629093794	134.76942552643916
37000	37000	-141.917285499354	((P + cos(_a2_)) + (((T ** (_a3_ * (P / _a1_))) ** (P + ((_a2_ / _a3_) / _a3_))) * (-(log(((T + _a4_) + (((((_a3_ * _a3_) * P) + _a3_) * (_a2_ * _a2_)) * _a0_)))) * ((_a1_ * (-(_a1_) + T)) + _a3_))))	{'Hungary': {'_a0_': 6.57137478410097e-18, '_a1_': 29.366317192987662, '_a2_': -44608.505940374635, '_a3_': 862.393825399484, '_a4_': -0.0003935360339016567}}	{'Hungary': 0.030042735492424547}	-543.3522463935	129.75883769739644
40000	40000	-141.920745132384	((P + cos(_a2_)) + (((T ** (_a3_ * (P / _a1_))) ** (P + ((_a2_ / _a3_) / _a3_))) * (-(log(((T + _a4_) + (((((_a3_ * _a3_) * P) + _a3_) * (_a2_ * _a2_)) * _a0_)))) * ((_a1_ * (-(_a1_) + T)) + _a3_))))	{'Hungary': {'_a0_': 6.566300280764805e-18, '_a1_': 29.368419963160513, '_a2_': -44621.072313059914, '_a3_': 862.5173298619048, '_a4_': -0.0003935450469426901}}	{'Hungary': 0.030040792810564338}	-543.359165659561	129.75883769739644
44000	44000	-141.920745132384	((P + cos(_a2_)) + (((T ** (_a3_ * (P / _a1_))) ** (P + ((_a2_ / _a3_) / _a3_))) * (-(log(((T + _a4_) + (((((_a3_ * _a3_) * P) + _a3_) * (_a2_ * _a2_)) * _a0_)))) * ((_a1_ * (-(_a1_) + T)) + _a3_))))	{'Hungary': {'_a0_': 6.566300280764805e-18, '_a1_': 29.368419963160513, '_a2_': -44621.072313059914, '_a3_': 862.5173298619048, '_a4_': -0.0003935450469426901}}	{'Hungary': 0.030040792810564338}	-543.359165659561	129.75883769739644
30000	30000	-148.212298546801	((P + cos(_a2_)) + (((T ** (_a3_ * (P / _a1_))) ** (P + ((_a2_ / _a3_) / _a3_))) * (-(log(((T + _a4_) + (((P + P) * (_a2_ * (_a4_ + _a2_))) * _a0_)))) * ((_a1_ * (-(_a1_) + T)) + _a3_))))	{'Hungary': {'_a0_': 1.6201622993753649e-12, '_a1_': 31.18055424405361, '_a2_': -56381.12971638984, '_a3_': 972.2391914796459, '_a4_': -0.00038973134821450615}}	{'Hungary': 0.029123245811283442}	-546.678256221378	125.1268295638884
24000	24000	-147.068817471209	((P + cos(_a2_)) + (((sin(T) ** (_a3_ * (P / _a1_))) ** (P + ((_a2_ / _a3_) / _a3_))) * (-(log(((T + _a4_) + (((P + P) * (_a2_ * _a2_)) * _a0_)))) * ((_a1_ * (-(_a1_) + T)) + _a3_))))	{'Hungary': {'_a0_': 1.620164463452855e-12, '_a1_': 31.180549471245968, '_a2_': -56381.12971642637, '_a3_': 972.2388938398232, '_a4_': -0.0003897315260505864}}	{'Hungary': 0.029123245642494997}	-546.678256841513	126.27031094954737
50000	50000	-142.142404311798	((P + cos(_a3_)) + (((T ** (_a3_ * (P / _a1_))) ** (P + ((_a2_ / _a3_) / _a3_))) * (-(log(((T + _a4_) + (((((_a2_ * _a3_) * P) * _a3_) * (_a2_ * _a2_)) * _a0_)))) * ((_a1_ * (-(_a1_) + T)) + _a3_))))	{'Hungary': {'_a0_': -1.4642392639455255e-22, '_a1_': 29.375046922806376, '_a2_': -45025.69188682459, '_a3_': 862.9065549361353, '_a4_': -0.0003852067372770152}}	{'Hungary': 0.030006422885350787}	-543.481655348945	129.59842336267494
49000	49000	-142.142404311798	((P + cos(_a3_)) + (((T ** (_a3_ * (P / _a1_))) ** (P + ((_a2_ / _a3_) / _a3_))) * (-(log(((T + _a4_) + (((((_a2_ * _a3_) * P) * _a3_) * (_a2_ * _a2_)) * _a0_)))) * ((_a1_ * (-(_a1_) + T)) + _a3_))))	{'Hungary': {'_a0_': -1.4642392639455255e-22, '_a1_': 29.375046922806376, '_a2_': -45025.69188682459, '_a3_': 862.9065549361353, '_a4_': -0.0003852067372770152}}	{'Hungary': 0.030006422885350787}	-543.481655348945	129.59842336267494
55000	55000	-142.026169945111	((P + cos(_a3_)) + (((T ** (_a3_ * (P / _a1_))) ** (P + ((_a2_ / _a3_) / _a3_))) * (-(log(((T + _a4_) + (((((_a2_ * _a3_) * P) * _a3_) * (_a2_ * _a2_)) * _a0_)))) * ((_a1_ * (-(_a1_) + T)) + _a3_))))	{'Hungary': {'_a0_': -1.5181476874750108e-22, '_a1_': 29.3031213452569, '_a2_': -44608.06030498083, '_a3_': 858.6861323259227, '_a4_': -0.0003849991112205056}}	{'Hungary': 0.03007168585894715}	-543.249186615571	129.59842336267494
75000	75000	-142.328371742881	((P + cos(_a3_)) + (((T ** (_a3_ * (P / _a1_))) ** (P + ((_a2_ / _a3_) / _a3_))) * (-(log(((T + _a4_) + (((((_a2_ * _a3_) * P) * _a3_) * (_a2_ * _a2_)) * _a0_)))) * ((_a1_ * (cos(_a1_) + T)) + _a1_))))	{'Hungary': {'_a0_': -1.4299524046016494e-22, '_a1_': 22.02497723531201, '_a2_': -49023.51819114225, '_a3_': 812.6370795324917, '_a4_': -0.00040045113697308535}}	{'Hungary': 0.028623177943791097}	-548.531482652349	131.93736958329316
42000	42000	-141.865755610127	((P + cos(_a3_)) + (((T ** (_a3_ * (P / _a1_))) ** (P + ((_a2_ / _a3_) / _a3_))) * (-(log(((T + _a4_) + (((((_a3_ * _a3_) * P) + _a3_) * (_a2_ * _a2_)) * _a0_)))) * ((_a1_ * (-(_a1_) + T)) + _a3_))))	{'Hungary': {'_a0_': 6.77216064824096e-18, '_a1_': 29.30312134524341, '_a2_': -44608.05958513454, '_a3_': 858.6861323252355, '_a4_': -0.0003965705401121993}}	{'Hungary': 0.030071685859094456}	-543.249186615047	129.75883769739644
35000	35000	-141.865755610127	((P + cos(_a3_)) + (((T ** (_a3_ * (P / _a1_))) ** (P + ((_a2_ / _a3_) / _a3_))) * (-(log(((T + _a4_) + (((((_a3_ * _a3_) * P) + _a3_) * (_a2_ * _a2_)) * _a0_)))) * ((_a1_ * (-(_a1_) + T)) + _a3_))))	{'Hungary': {'_a0_': 6.77216064824096e-18, '_a1_': 29.30312134524341, '_a2_': -44608.05958513454, '_a3_': 858.6861323252355, '_a4_': -0.0003965705401121993}}	{'Hungary': 0.030071685859094456}	-543.249186615047	129.75883769739644
28000	28000	-153.527255431059	((P + cos(_a3_)) + (((T ** (_a3_ * (P / _a1_))) ** (P + ((_a2_ / _a3_) / _a3_))) * (-(log(((T + _a4_) + (((P + P) * (_a2_ * _a2_)) * _a0_)))) * ((_a1_ * (-(_a1_) + T)) + _a3_))))	{'Hungary': {'_a0_': 1.62336021953911e-12, '_a1_': 31.17328155981187, '_a2_': -56381.99493212511, '_a3_': 971.7857080121247, '_a4_': -0.0003899995442405161}}	{'Hungary': 0.029123636189323704}	-546.676821966054	119.81115555196835
22000	22000	-139.353559074742	((P + sin(_a2_)) + (((T ** (_a3_ * (P / _a1_))) ** (P + (((_a2_ + _a1_) / _a3_) / _a3_))) * (-(log(((tanh(T) + _a4_) + (((P + P) * (_a2_ * _a2_)) * _a0_)))) * ((_a1_ * (-(_a1_) + T)) + _a3_))))	{'Hungary': {'_a0_': 1.4997284845475006e-12, '_a1_': 31.52481677804106, '_a2_': -58863.48473006227, '_a3_': 993.8261133639014, '_a4_': -0.00039093182354948844}}	{'Hungary': 0.02911076498164558}	-546.724121129994	134.00850149025538
59000	59000	-139.104662129769	((P + sin(_a2_)) + (((T ** (_a3_ * (P / _a1_))) ** (P + ((_a2_ / _a3_) / _a3_))) * (-(log(((T + _a4_) + (((((_a2_ * _a3_) * P) * _a3_) * (_a2_ * _a2_)) * _a0_)))) * ((_a1_ * (tan(_a3_) + T)) + _a4_))))	{'Hungary': {'_a0_': -2.0132301123226503e-22, '_a1_': 22.02098274389575, '_a2_': -44713.751729637035, '_a3_': 779.1155878359361, '_a4_': -0.00039784275982939654}}	{'Hungary': 0.028546705795923437}	-548.817735629154	135.30420568480818
23000	23000	-135.337860611065	((P + sin(_a3_)) + (((T ** (_a3_ * (P / _a1_))) ** (P + (((_a2_ + (P / _a4_)) / _a3_) / _a3_))) * (-(log(((abs(T) + _a4_) + (((P + P) * (_a2_ * _a2_)) * _a0_)))) * ((_a1_ * (-(_a1_) + T)) + _a3_))))	{'Hungary': {'_a0_': 1.636450094297581e-12, '_a1_': 31.165320122364285, '_a2_': -56111.92628794281, '_a3_': 971.2894322696054, '_a4_': -0.00038978893183561005}}	{'Hungary': 0.02914001948283049}	-546.616646804327	137.97046279109847
78000	78000	-120.528511900738	((T * (_a0_ * (_a2_ * ((_a2_ * T) ** -(_a0_))))) + _a0_)	{'Hungary': {'_a0_': -0.21687636485878115, '_a2_': 214.36449810587902, '_a1_': 1.0, '_a3_': 1.0, '_a4_': 1.0}}	{'Hungary': 0.32212295573208694}	-303.533301994236	31.23813909638028
64000	64000	-129.892328127377	((T * (_a3_ * pow3(_a4_))) + _a2_)	{'Hungary': {'_a2_': -0.20929974243666247, '_a3_': -120731014089912.28, '_a4_': 7.041746002245774e-05, '_a0_': 1.0, '_a1_': 1.0}}	{'Hungary': 0.3212349548036261}	-299.155848900488	19.68559632286756
24000	24000	-132.228742553004	((T * (pow3(_a4_) * _a3_)) + _a3_)	{'Hungary': {'_a3_': -0.20929974305139032, '_a4_': 5.861816143309856, '_a0_': 1.0, '_a1_': 1.0, '_a2_': 1.0}}	{'Hungary': 0.321234954753207}	-303.828677751744	19.68559632286755
52000	52000	-129.864520353144	((T * _a4_) + -(((T * _a0_) + _a0_)))	{'Hungary': {'_a0_': 0.2092997416271761, '_a4_': -41.947271898934865, '_a1_': 1.0, '_a2_': 1.0, '_a3_': 1.0}}	{'Hungary': 0.321234954753207}	-303.828677751744	22.0498185227274
74000	74000	-129.31026521712	((T ** ((_a1_ * T) * pow2(_a0_))) / _a1_)	{'Hungary': {'_a0_': 2.405568397628585, '_a1_': -4.8201648892240225, '_a2_': 1.0, '_a3_': 1.0, '_a4_': 1.0}}	{'Hungary': 0.32122563483027305}	-303.831782165525	22.60562586564321
73000	73000	-127.129323450246	((T ** (_a0_ * (T * _a1_))) * (_a2_ * _a1_))	{'Hungary': {'_a0_': -3615.654181499942, '_a1_': 0.007714545784015996, '_a2_': -26.892280859473523, '_a3_': 1.0, '_a4_': 1.0}}	{'Hungary': 0.32122563483084554}	-299.158953330872	22.45015321519022
39000	39000	-135.201717737127	((T ** -(_a0_)) / (_a0_ * T))	{'Hungary': {'_a0_': -1.1732828492377156, '_a1_': 1.0, '_a2_': 1.0, '_a3_': 1.0, '_a4_': 1.0}}	{'Hungary': 0.32421881153528376}	-307.512202729653	18.554383627699984
49000	49000	-95.8184887586404	((T ** sqrt(-(_a4_))) * (((_a3_ + pow2(T)) / _a4_) + (((_a4_ * T) + -(_a3_)) / T)))	{'Hungary': {'_a3_': 0.7558984239503612, '_a4_': -1.3367207478912602, '_a0_': 1.0, '_a1_': 1.0, '_a2_': 1.0}}	{'Hungary': 0.32358351999794593}	-303.049241050582	55.706131766650735
23000	23000	-127.289164348558	((T + (((_a1_ * T) / _a1_) ** _a1_)) * _a2_)	{'Hungary': {'_a1_': 0.15644615717850904, '_a2_': -0.7570748858092842, '_a0_': 1.0, '_a3_': 1.0, '_a4_': 1.0}}	{'Hungary': 0.3236055375870591}	-303.041960698702	24.23181600079337
30000	30000	-129.007896206304	((T + (_a3_ / -((_a3_ * _a3_)))) / _a2_)	{'Hungary': {'_a2_': -0.023721093535101694, '_a3_': -201.41722306434755, '_a0_': 1.0, '_a1_': 1.0, '_a4_': 1.0}}	{'Hungary': 0.32123495475320707}	-303.828677751744	22.906442669567543
25000	25000	-132.346809504298	((T + _a0_) + (T * (_a1_ + _a1_)))	{'Hungary': {'_a0_': -0.2092997422915004, '_a1_': -21.578285485002095, '_a2_': 1.0, '_a3_': 1.0, '_a4_': 1.0}}	{'Hungary': 0.321234954753207}	-303.828677751744	19.567529371574352
94000	94000	-131.287994864992	((T + _a1_) / (_a1_ * pow3(_a4_)))	{'Hungary': {'_a1_': 0.004964818928393613, '_a4_': -1.6842650452023755, '_a0_': 1.0, '_a2_': 1.0, '_a3_': 1.0}}	{'Hungary': 0.32123495475320696}	-303.828677751744	20.626344010880032
89000	89000	-128.112978136399	((T + exp(((_a3_ + T) * T))) * _a0_)	{'Hungary': {'_a0_': -0.21369565592339898, '_a3_': 158.4891915074995, '_a1_': 1.0, '_a2_': 1.0, '_a4_': 1.0}}	{'Hungary': 0.3218557149336443}	-303.622108559973	23.698076143587507
80000	80000	-129.619298066377	((T + log(_a2_)) / (T * _a1_))	{'Hungary': {'_a1_': -3.4939606137748838, '_a2_': 0.9999244557474423, '_a0_': 1.0, '_a3_': 1.0, '_a4_': 1.0}}	{'Hungary': 0.33900213457466677}	-298.068482296934	19.414943082089884
43000	43000	-127.326201054162	((T / T) + (_a2_ * ((_a0_ + T) + _a0_)))	{'Hungary': {'_a0_': 0.01434295801416549, '_a2_': -42.15656720408569, '_a1_': 1.0, '_a3_': 1.0, '_a4_': 1.0}}	{'Hungary': 0.32123495475320757}	-303.828677751743	24.58813782171022
31000	31000	-127.76819862314	((T / _a1_) * ((T ** (_a3_ * T)) / T))	{'Hungary': {'_a1_': -4.820165370787825, '_a3_': -27.893145939860684, '_a0_': 1.0, '_a2_': 1.0, '_a4_': 1.0}}	{'Hungary': 0.32122563483028327}	-303.831782165521	24.147692459620764
47000	47000	-120.729591652269	((_a0_ * (((_a1_ * sqrt(T)) + _a3_) / T)) + _a1_)	{'Hungary': {'_a0_': -0.01832226117172685, '_a1_': -0.4316465153984428, '_a3_': 0.003967355410781584, '_a2_': 1.0, '_a4_': 1.0}}	{'Hungary': 0.32213695424889094}	-298.855823355324	28.698320025393357
66000	66000	-138.538394132914	((_a0_ * T) + sin(_a0_))	{'Hungary': {'_a0_': -40.62800649708946, '_a1_': 1.0, '_a2_': 1.0, '_a3_': 1.0, '_a4_': 1.0}}	{'Hungary': 0.3213237289179981}	-308.471940926494	15.69757633033254
26000	26000	-130.886770708312	((_a0_ * _a0_) * (_a3_ + (T * -(_a0_))))	{'Hungary': {'_a0_': 3.4803407226736875, '_a3_': -0.01727926100496052, '_a1_': 1.0, '_a2_': 1.0, '_a4_': 1.0}}	{'Hungary': 0.32123495475320707}	-303.828677751744	21.02756816755956
66000	66000	-126.462878272195	((_a0_ * _a1_) / ((_a2_ + T) / pow2(_a2_)))	{'Hungary': {'_a0_': 0.7500884206880339, '_a1_': 37.585152004986675, '_a2_': -0.00771742441684567, '_a3_': 1.0, '_a4_': 1.0}}	{'Hungary': 0.32266249135262226}	-298.681404835164	22.8778241453876
35000	35000	-116.28024100433	((_a0_ ** ((-(_a1_) * (T + (_a1_ + _a0_))) + T)) * _a2_)	{'Hungary': {'_a0_': 7.0690720435238285e-109, '_a1_': 1.6456762583538553, '_a2_': -2.6916015077010297e-294, '_a3_': 1.0, '_a4_': 1.0}}	{'Hungary': 0.3218703141616858}	-298.944426364515	33.1919721779276
61000	61000	-116.976549698473	((_a0_ ** -(T)) * -((_a3_ * ((T * _a3_) + (_a3_ * _a3_)))))	{'Hungary': {'_a0_': 4.1065109977149884e-69, '_a3_': 0.5978936721199254, '_a1_': 1.0, '_a2_': 1.0, '_a4_': 1.0}}	{'Hungary': 0.32186268363665543}	-303.619791859925	34.83334623149018
81000	81000	-131.647322917593	((_a0_ + (_a4_ * (T ** T))) + T)	{'Hungary': {'_a0_': -7.735264950519847, '_a4_': 7.533495056310235, '_a1_': 1.0, '_a2_': 1.0, '_a3_': 1.0}}	{'Hungary': 0.32089222944516244}	-303.942896904414	20.32412553461428
93000	93000	-128.202050800572	((_a0_ + _a3_) / ((_a3_ ** T) / _a1_))	{'Hungary': {'_a0_': 0.026213124085500104, '_a1_': -8.15366139248753, '_a3_': 7.73636376255056e-70, '_a2_': 1.0, '_a4_': 1.0}}	{'Hungary': 0.32186276426427224}	-298.946936221629	21.27141731024317
31000	31000	-130.518881217832	((_a0_ / (_a2_ ** T)) / log(_a2_))	{'Hungary': {'_a0_': 34.01250015124912, '_a2_': 7.735135639888234e-70, '_a1_': 1.0, '_a3_': 1.0, '_a4_': 1.0}}	{'Hungary': 0.32186276422523274}	-303.61976506907	21.291001316703117
70000	70000	-124.289160230173	((_a1_ * ((_a0_ * _a1_) * (T + _a2_))) * -(_a1_))	{'Hungary': {'_a0_': 0.8690681276036524, '_a1_': 3.6470045438246337, '_a2_': 0.004964818994194873, '_a3_': 1.0, '_a4_': 1.0}}	{'Hungary': 0.32123495500063043}	-299.155848834868	25.28876418726031
30000	30000	-125.629958974761	((_a1_ * ((_a4_ * T) * _a4_)) + sin(_a0_))	{'Hungary': {'_a0_': -0.21085878651724052, '_a1_': -5122.688252716206, '_a4_': 0.0907158162463717, '_a2_': 1.0, '_a3_': 1.0}}	{'Hungary': 0.3212349547562811}	-299.155848916258	23.94796548336781
63000	63000	-138.652506234334	((_a1_ * T) + (_a1_ * _a0_))	{'Hungary': {'_a0_': 0.004964819045715822, '_a1_': -42.156570316009656, '_a2_': 1.0, '_a3_': 1.0, '_a4_': 1.0}}	{'Hungary': 0.32123495475320696}	-303.828677751744	13.26183264153749
83000	83000	-125.005109753782	((_a1_ ** -(T)) / (((_a1_ * _a0_) * _a0_) * _a0_))	{'Hungary': {'_a0_': -1.822067246902797e+23, '_a1_': 7.734538801051207e-70, '_a2_': 1.0, '_a3_': 1.0, '_a4_': 1.0}}	{'Hungary': 0.3218627642253451}	-303.619765069032	26.804772780735306
72000	72000	-132.598674983864	((_a1_ ** T) * ((_a1_ + _a4_) * _a4_))	{'Hungary': {'_a1_': 1.2922663920606228e+69, '_a4_': -1.6539430778571214e-70, '_a0_': 1.0, '_a2_': 1.0, '_a3_': 1.0}}	{'Hungary': 0.32186276422531734}	-303.619765069041	19.21120755065743
38000	38000	-127.784726587099	((_a1_ + -(T)) / (log(_a2_) / _a1_))	{'Hungary': {'_a1_': -0.004964819189082684, '_a2_': 0.9998822359854845, '_a0_': 1.0, '_a3_': 1.0, '_a4_': 1.0}}	{'Hungary': 0.32123495475320707}	-303.828677751744	24.12961228877304
70000	70000	-129.314668492556	((_a1_ + _a1_) + (_a0_ * (_a3_ ** T)))	{'Hungary': {'_a0_': 0.23701395250150345, '_a1_': -0.21989356219903056, '_a3_': 3.829366343841229e-104, '_a2_': 1.0, '_a4_': 1.0}}	{'Hungary': 0.32086967785861453}	-299.27758805434	20.324125534614257
97000	97000	-122.42348474911	((_a1_ / ((T * (exp(T) * _a1_)) ** T)) / _a3_)	{'Hungary': {'_a1_': 2.3681824450500575e-67, '_a3_': -1.1091606743535649e-66, '_a0_': 1.0, '_a2_': 1.0, '_a4_': 1.0}}	{'Hungary': 0.32183413216519224}	-303.629283929401	29.391157215590507
67000	67000	-125.338292464572	((_a1_ / pow2(_a4_)) * pow2((T + (T + _a4_))))	{'Hungary': {'_a1_': -0.21159190637723654, '_a4_': 0.02243386222339076, '_a0_': 1.0, '_a2_': 1.0, '_a3_': 1.0}}	{'Hungary': 0.3215203507878891}	-303.733657524125	26.52853629749004
86000	86000	-128.428146592951	((_a2_ * (_a3_ * _a3_)) * ((_a2_ + _a3_) ** T))	{'Hungary': {'_a2_': -1.2785439228640967e-139, '_a3_': 1.2929398822974976e+69, '_a0_': 1.0, '_a1_': 1.0, '_a4_': 1.0}}	{'Hungary': 0.321862764225321}	-303.61976506904	23.38173594156943
58000	58000	-125.693991962232	((_a2_ * T) + ((-((_a0_ + _a2_)) * _a0_) * _a2_))	{'Hungary': {'_a0_': 0.00011777126273026637, '_a2_': -42.15657187496159, '_a1_': 1.0, '_a3_': 1.0, '_a4_': 1.0}}	{'Hungary': 0.32123495475320707}	-303.828677751744	26.22034691363953
50000	50000	-141.871314492048	((_a2_ ** T) * _a0_)	{'Hungary': {'_a0_': -0.21373334294565038, '_a2_': 1.293024665956701e+69, '_a1_': 1.0, '_a3_': 1.0, '_a4_': 1.0}}	{'Hungary': 0.3218627642254248}	-303.619765069006	9.93856804245449
51000	51000	-125.722611531701	((_a2_ + ((T * _a2_) * _a1_)) + pow2((_a2_ * T)))	{'Hungary': {'_a1_': 201.4177837017927, '_a2_': -0.2092996907989921, '_a0_': 1.0, '_a3_': 1.0, '_a4_': 1.0}}	{'Hungary': 0.32123494847688133}	-303.828679842322	26.19172838945946
36000	36000	-125.702180369978	((_a2_ + (_a1_ / (_a2_ ** T))) * cos(T))	{'Hungary': {'_a1_': -0.21373337564352793, '_a2_': 7.728598804506322e-70, '_a0_': 1.0, '_a3_': 1.0, '_a4_': 1.0}}	{'Hungary': 0.32186273531507814}	-303.619774679957	26.10770697000021
51000	51000	-116.898409425766	((_a2_ / _a0_) * (pow2(((_a2_ * (pow2(_a0_) * T)) ** _a0_)) * T))	{'Hungary': {'_a0_': -0.4206505654478446, '_a2_': 8.569475119864876e-08, '_a1_': 1.0, '_a3_': 1.0, '_a4_': 1.0}}	{'Hungary': 0.32371825684292543}	-303.004696625904	34.60393888718614
71000	71000	-137.711758546322	((_a2_ / _a1_) + (_a2_ * T))	{'Hungary': {'_a1_': 201.41721063200532, '_a2_': -42.156570430881835, '_a0_': 1.0, '_a3_': 1.0, '_a4_': 1.0}}	{'Hungary': 0.3212349547532069}	-303.828677751744	14.202580329550097
33000	33000	-139.774982111518	((_a3_ * (T ** _a3_)) * T)	{'Hungary': {'_a3_': -0.8305106801121273, '_a0_': 1.0, '_a1_': 1.0, '_a2_': 1.0, '_a4_': 1.0}}	{'Hungary': 0.3239927883302524}	-307.586821832191	14.01842880457752
97000	97000	-131.896638915302	((_a3_ * (_a0_ + _a1_)) * (P ** (cos(((T ** (T * _a1_)) / cos((_a4_ + -(P))))) * (((((-(pow2(_a4_)) + (_a2_ * pow2(_a2_))) / (T * pow2(_a3_))) + (_a4_ ** (T ** _a2_))) * _a4_) * _a2_))))	{'Hungary': {'_a0_': 34.88370372064289, '_a1_': -34.88815703759224, '_a2_': -0.07436913820912802, '_a3_': 57.126902903853114, '_a4_': 1.4956228124744306}}	{'Hungary': 0.042179195986572514}	-507.046479893833	121.62660103161411
59000	59000	-121.760005933826	((_a3_ * _a1_) + (_a3_ * ((_a4_ * (T + T)) + T)))	{'Hungary': {'_a1_': 0.041476783798193084, '_a3_': -5.046188178318729, '_a4_': 3.6770691167934957, '_a0_': 1.0, '_a2_': 1.0}}	{'Hungary': 0.3212349547544385}	-299.155848916871	27.81791852460959
82000	82000	-122.793824564103	((_a3_ + ((_a3_ * sin((T * _a3_))) + _a1_)) * _a1_)	{'Hungary': {'_a1_': -0.0009817193142754338, '_a3_': 211.87715327828695, '_a0_': 1.0, '_a2_': 1.0, '_a4_': 1.0}}	{'Hungary': 0.32111350936633515}	-303.869137587101	29.140744229447577
36000	36000	-138.488495656111	((_a3_ + T) / log(T))	{'Hungary': {'_a3_': 1.7756252638009367, '_a0_': 1.0, '_a1_': 1.0, '_a2_': 1.0, '_a4_': 1.0}}	{'Hungary': 0.3232618464694629}	-307.828491209735	15.425749948755662
56000	56000	-119.303352803742	((_a3_ + _a3_) * pow2((((_a3_ / _a0_) + -(_a0_)) ** T)))	{'Hungary': {'_a0_': -3.594907937631259e+34, '_a3_': -0.10686674521378586, '_a1_': 1.0, '_a2_': 1.0, '_a4_': 1.0}}	{'Hungary': 0.3218627642252498}	-303.619765069064	32.506529730790135
82000	82000	-128.686550624408	((_a4_ * (_a1_ + _a1_)) / -((_a1_ + T)))	{'Hungary': {'_a1_': -0.007717424007179598, '_a4_': 0.10878559357534495, '_a0_': 1.0, '_a2_': 1.0, '_a3_': 1.0}}	{'Hungary': 0.3226624913506031}	-303.354233670295	22.990566210740063
88000	88000	-128.428146592555	((_a4_ * (_a3_ * _a3_)) * ((_a3_ + _a4_) ** T))	{'Hungary': {'_a3_': 1.2924685978888241e+69, '_a4_': -1.2794763513762242e-139, '_a0_': 1.0, '_a1_': 1.0, '_a2_': 1.0}}	{'Hungary': 0.3218627642277048}	-303.619765068248	23.38173594156943
87000	87000	-126.728555785882	((_a4_ * (abs(_a3_) * _a3_)) * (_a3_ ** T))	{'Hungary': {'_a3_': 1.2927932054393377e+69, '_a4_': -1.2788342467769043e-139, '_a0_': 1.0, '_a1_': 1.0, '_a2_': 1.0}}	{'Hungary': 0.3218627642251959}	-303.619765069082	25.08132674865944
80000	80000	-115.418689329978	((_a4_ * _a0_) + (T * ((_a4_ * (_a4_ * _a1_)) / (_a2_ / _a4_))))	{'Hungary': {'_a0_': 0.017116822722779944, '_a1_': 0.05691984881953856, '_a2_': 2.4684283029559686, '_a4_': -12.22766388697319, '_a3_': 1.0}}	{'Hungary': 0.32123495477865954}	-294.483020074342	31.82282070719338
58000	58000	-123.532503747356	((_a4_ * _a2_) + (_a2_ * (T * (_a4_ * (_a0_ * _a2_)))))	{'Hungary': {'_a0_': -3.1275328574600736, '_a2_': -64.4011548251097, '_a4_': 0.0032499296464349762, '_a1_': 1.0, '_a3_': 1.0}}	{'Hungary': 0.3212349548171269}	-299.155848895991	26.045420700639852
82000	82000	-128.050753415628	((_a4_ ** ((_a1_ * _a0_) * T)) + _a2_)	{'Hungary': {'_a0_': 1.0135891451574026, '_a1_': 1.0134826435210318, '_a2_': -1.2080546289506884, '_a4_': 1.3250610305217755e-19, '_a3_': 1.0}}	{'Hungary': 0.32111218285698834}	-294.523921932571	19.211207550657456
90000	90000	-137.780536395839	((_a4_ ** (T * _a1_)) * _a1_)	{'Hungary': {'_a1_': -0.2151533506693248, '_a4_': 5.234675969424e-312, '_a0_': 1.0, '_a2_': 1.0, '_a3_': 1.0}}	{'Hungary': 0.3219284509894839}	-303.597930400832	14.01842880457738
84000	84000	-123.199967673577	((_a4_ ** (T + (T + (_a2_ ** _a2_)))) * _a1_)	{'Hungary': {'_a1_': -5.9446569277668645e-36, '_a2_': 1.0, '_a4_': 3.5953866270850575e+34, '_a0_': 1.0, '_a3_': 1.0}}	{'Hungary': 0.32186276422519194}	-298.946936234621	26.27350044373441
27000	27000	-126.583037908623	((_a4_ + ((T ** _a4_) + (T / _a4_))) * _a3_)	{'Hungary': {'_a3_': -0.21732196521775948, '_a4_': 0.00529987517688707, '_a0_': 1.0, '_a1_': 1.0, '_a2_': 1.0}}	{'Hungary': 0.32115430777974385}	-303.855543786745	25.34473398475016
54000	54000	-133.631897784199	((_a4_ + (T * _a3_)) / (_a4_ * _a4_))	{'Hungary': {'_a3_': -962.3385798632625, '_a4_': -4.777836757945668, '_a0_': 1.0, '_a1_': 1.0, '_a2_': 1.0}}	{'Hungary': 0.321234954753207}	-303.828677751744	18.28244109167333
30000	30000	-124.845542595455	((_a4_ + -((T * _a2_))) / exp((_a2_ * T)))	{'Hungary': {'_a2_': 63.972071973039355, '_a4_': -0.20511664348909997, '_a0_': 1.0, '_a1_': 1.0, '_a3_': 1.0}}	{'Hungary': 0.32092097832211647}	-303.933311156415	27.121112982753367
99000	99000	-139.137159861348	((_a4_ + -(T)) * _a1_)	{'Hungary': {'_a1_': 42.15657055884488, '_a4_': -0.00496481901063913, '_a0_': 1.0, '_a2_': 1.0, '_a3_': 1.0}}	{'Hungary': 0.32123495475320696}	-303.828677751744	12.77717901452429
54000	54000	-132.518979800242	((_a4_ / (_a1_ + _a1_)) * (T + _a1_))	{'Hungary': {'_a1_': 0.004964818934897492, '_a4_': -0.4185994846013463, '_a0_': 1.0, '_a2_': 1.0, '_a3_': 1.0}}	{'Hungary': 0.3212349547532069}	-303.828677751744	19.395359075629955
64000	64000	-130.036690649089	((_a4_ / _a3_) + -(((_a4_ * T) * _a4_)))	{'Hungary': {'_a3_': -31.02158249595084, '_a4_': 6.492809229639578, '_a0_': 1.0, '_a1_': 1.0, '_a2_': 1.0}}	{'Hungary': 0.3212349547532071}	-303.828677751744	21.87764822678332
68000	68000	-126.531673563998	((_a4_ / pow2(((T * _a4_) + _a1_))) / _a2_)	{'Hungary': {'_a1_': 345.4858918577903, '_a2_': 0.9600305402680935, '_a4_': -24719.908032021754, '_a0_': 1.0, '_a3_': 1.0}}	{'Hungary': 0.3222478484656928}	-298.818995418771	22.87782414538744
35000	35000	-130.819388993152	((abs((T / _a1_)) * _a2_) + _a2_)	{'Hungary': {'_a1_': 0.004964818910907808, '_a2_': -0.20929974223240796, '_a0_': 1.0, '_a3_': 1.0, '_a4_': 1.0}}	{'Hungary': 0.321234954753207}	-303.828677751744	21.094949882720197
26000	26000	-155.743933603679	((cos(((_a0_ * ((_a0_ + (_a1_ * T)) * (((_a3_ * T) + pow2((P / _a0_))) ** _a4_))) * _a0_)) + _a2_) * -(((_a2_ / ((T ** P) ** (_a3_ + (_a3_ * _a4_)))) / _a1_)))	{'Hungary': {'_a0_': 4.905884988820828, '_a1_': 66.11198492343284, '_a2_': 3.6128032663283256, '_a3_': 0.3721637490321748, '_a4_': -0.02744895675598351}}	{'Hungary': 0.0409209117048584}	-510.287070377592	99.39960158511634
41000	41000	-127.028225561045	((cos(((_a2_ * ((_a0_ + (((_a3_ / _a0_) / pow2(_a0_)) * T)) / ((T + pow2((P / _a0_))) ** _a4_))) * (_a0_ * _a2_))) + _a0_) * -(((_a2_ + ((_a0_ * _a0_) ** (P + ((_a2_ + (_a0_ / _a2_)) ** _a2_)))) / _a1_)))	{'Hungary': {'_a0_': 3.3956326911897183, '_a1_': 1.4375286316766313e+229, '_a2_': 3.5617074229598735, '_a3_': -2440.624404098583, '_a4_': -0.03957998122708988}}	{'Hungary': 0.042947388854994564}	-505.115264906039	125.52940689197403
35000	35000	-128.881548478682	((exp((_a0_ * T)) / _a2_) + pow2(_a2_))	{'Hungary': {'_a0_': 37.332305224505795, '_a2_': -0.9300098044127534, '_a1_': 1.0, '_a3_': 1.0, '_a4_': 1.0}}	{'Hungary': 0.3213560062816747}	-303.788364350265	23.01263369645004
65000	65000	-133.40853752267	((exp(T) + (_a4_ * _a0_)) * _a4_)	{'Hungary': {'_a0_': 0.023633361578049218, '_a4_': -42.10269407024825, '_a1_': 1.0, '_a2_': 1.0, '_a3_': 1.0}}	{'Hungary': 0.3212379807148358}	-303.827669840355	18.5052973975077
89000	89000	-127.103344748328	((exp(_a0_) + ((_a0_ + _a0_) * T)) + _a3_)	{'Hungary': {'_a0_': -21.07828569084569, '_a3_': -0.2092997426422198, '_a1_': 1.0, '_a2_': 1.0, '_a4_': 1.0}}	{'Hungary': 0.32123495475320696}	-303.828677751744	24.81099412754432
32000	32000	-132.296123494408	((exp(_a4_) + (_a4_ * T)) + _a1_)	{'Hungary': {'_a1_': -0.20929974180196304, '_a4_': -42.15657176063129, '_a0_': 1.0, '_a2_': 1.0, '_a3_': 1.0}}	{'Hungary': 0.32123495475320707}	-303.828677751744	19.618215381464186
34000	34000	-118.1925984327	((pow2(((_a1_ / _a0_) / (_a4_ * pow2(_a1_)))) ** T) * _a0_)	{'Hungary': {'_a0_': -0.21373354769400402, '_a1_': 7.229634098322639e-56, '_a4_': -1.7993218261439362e+21, '_a2_': 1.0, '_a3_': 1.0}}	{'Hungary': 0.32186276424402177}	-298.946936228361	31.28086968148062
68000	68000	-134.224865118065	((pow2(_a0_) * _a3_) * (_a0_ ** T))	{'Hungary': {'_a0_': 1.2908797679751276e+69, '_a3_': -1.2826301740932846e-139, '_a1_': 1.0, '_a2_': 1.0, '_a4_': 1.0}}	{'Hungary': 0.32186276423102295}	-303.619765067145	17.58501741550755
77000	77000	-130.814523133641	((pow2(cos((_a3_ + (_a1_ * (((P / (_a0_ / P)) * ((T * P) ** -((abs(_a3_) + _a2_)))) + (cos(((((T * _a4_) ** P) + P) * pow2(_a2_))) * ((_a4_ / _a3_) + pow2(_a2_)))))))) * _a3_) / _a1_)	{'Hungary': {'_a0_': 1.946908366841757e+29, '_a1_': -5.1066793923296165e-06, '_a2_': 4.784048975662589, '_a3_': 1.571700045346849, '_a4_': 9.90909910719016}}	{'Hungary': 0.041179740180736814}	-509.612417057957	123.99168539533756
39000	39000	-156.17054803775	((sin((((P / (_a0_ * _a4_)) ** P) * ((((_a1_ * _a2_) * _a4_) / (-((_a3_ + _a4_)) * _a3_)) + (((P * _a0_) * T) * (_a4_ + pow2(T)))))) * P) + -(_a1_))	{'Hungary': {'_a0_': -6142200657.828131, '_a1_': 0.2210612231527035, '_a2_': -2.6093194463353317e+65, '_a3_': -1.8053457954678842e+29, '_a4_': -6.873158041545631e-06}}	{'Hungary': 0.043304821320013356}	-504.228435626858	95.94366977567876
48000	48000	-123.998040078723	((sin((((P / (_a0_ * _a4_)) ** P) * ((((_a1_ * _a2_) * _a4_) / (-((_a3_ / (_a0_ + T))) * _a3_)) + (((P * _a0_) * T) * ((_a4_ + pow3(T)) + (_a2_ ** (_a3_ * _a4_))))))) * P) + ((_a1_ * T) + _a1_))	{'Hungary': {'_a0_': -2162436729155.743, '_a1_': -0.2212471102723741, '_a2_': -1.2831917917284206e+106, '_a3_': 2.903316966692649e+54, '_a4_': -1.626940731026327e-08}}	{'Hungary': 0.043631937016022714}	-503.423217090414	127.7135684664835
33000	33000	-168.378235598799	((sin((((P / (_a0_ * _a4_)) ** P) * (((_a2_ * _a4_) / (_a3_ * _a3_)) + (((P * _a0_) * T) * (_a4_ + pow2((_a4_ + T))))))) * P) + _a1_)	{'Hungary': {'_a0_': -6165055332.753224, '_a1_': -0.22106301967007222, '_a2_': 1.7333771412517583e+56, '_a3_': 9.87027444497543e+24, '_a4_': -6.835452157431103e-06}}	{'Hungary': 0.04330215319207422}	-504.235028391267	83.73927859683421
34000	34000	-173.690613231359	((sin((((P / (_a0_ * _a4_)) ** P) * (((_a2_ * _a4_) / (_a3_ * _a3_)) + (((P * _a0_) * T) * (_a4_ + pow2(T)))))) * P) + _a1_)	{'Hungary': {'_a0_': -6142187496.919367, '_a1_': -0.22106125035975557, '_a2_': 9.631280200969979e+45, '_a3_': 7.37704949180763e+19, '_a4_': -6.873165619292456e-06}}	{'Hungary': 0.04330482131771078}	-504.228435632547	78.42360458491422
27000	27000	-134.816942452544	((sin(((_a0_ * (((((pow2(_a4_) / (_a2_ * _a4_)) * T) + _a0_) + (_a1_ * T)) * (((_a3_ * T) + pow2((P / _a2_))) ** _a4_))) * _a2_)) + _a2_) * -(((_a2_ / ((T ** P) ** (_a3_ + T))) / _a1_)))	{'Hungary': {'_a0_': 4.540031057891766, '_a1_': 68.2385383553417, '_a2_': 3.6750742611821114, '_a3_': 0.36008207312676266, '_a4_': -0.03387805422401623}}	{'Hungary': 0.041791501112610346}	-508.034530433287	119.20032276409896
56000	56000	-109.099221191231	((sin(((_a2_ * ((_a2_ + (((_a3_ / pow2((_a0_ * (_a2_ ** _a2_)))) / _a2_) * T)) / ((T + pow2((P / _a0_))) ** _a4_))) * pow2(_a0_))) + _a0_) * -(((pow3(pow2(_a3_)) * (pow2(_a2_) ** (P + ((_a2_ + log(_a0_)) ** _a2_)))) / _a1_)))	{'Hungary': {'_a0_': 3.379136866309141, '_a1_': 6.457665783031226e+305, '_a2_': 3.5199168514116868, '_a3_': -18737419.379235808, '_a4_': -0.041061188317932}}	{'Hungary': 0.04299136264872093}	-505.005763749529	143.40366068353285
43000	43000	-116.179541822611	((sin(((_a2_ * ((_a2_ + (((_a3_ / pow2((_a0_ * _a2_))) / (_a2_ ** _a2_)) * T)) / ((T + pow2((P / _a0_))) ** _a4_))) * (_a0_ * _a2_))) + _a0_) * -(((_a0_ + ((_a2_ * _a0_) ** (P + ((_a2_ + log(_a2_)) ** _a2_)))) / _a1_)))	{'Hungary': {'_a0_': 3.371424183211257, '_a1_': 1.3431708586718855e+303, '_a2_': 3.5704515821325606, '_a3_': -822960.9198752608, '_a4_': -0.03668650072853143}}	{'Hungary': 0.042895032509325276}	-505.245786146988	136.4433512508823
94000	94000	-109.09920468804	((sin(((_a2_ * ((_a2_ + (((_a3_ / pow2((_a2_ * (_a2_ ** _a2_)))) / _a0_) * T)) / ((T + pow2((P / _a0_))) ** _a4_))) * pow2(_a0_))) + _a0_) * -(((pow3(pow2(_a3_)) * (pow2(_a2_) ** (P + ((_a2_ + log(_a0_)) ** _a2_)))) / _a1_)))	{'Hungary': {'_a0_': 3.3797644522102432, '_a1_': 3.6343311349270005e+305, '_a2_': 3.5193323595502215, '_a3_': -19463219.377515133, '_a4_': -0.04106596025899009}}	{'Hungary': 0.04299137591030544}	-505.005730743147	143.40366068353285
54000	54000	-109.099221251438	((sin(((_a2_ * ((_a2_ + (((_a3_ / pow2((_a2_ * (_a2_ ** _a2_)))) / _a0_) * T)) / ((T + pow2((P / _a0_))) ** _a4_))) * pow2(_a0_))) + _a0_) * -(((pow3(pow2(_a3_)) * (pow2(_a2_) ** (P + ((_a2_ + log(_a0_)) ** _a2_)))) / _a1_)))	{'Hungary': {'_a0_': 3.379091253532671, '_a1_': 8.755299013515159e+305, '_a2_': 3.5199592489390574, '_a3_': -19522017.647288222, '_a4_': -0.041060835791069346}}	{'Hungary': 0.04299136260034055}	-505.005763869941	143.40366068353285
57000	57000	-161.892059722365	((sin(exp(((_a3_ * T) + (_a3_ * (((_a1_ / _a0_) * (T ** -(_a2_))) + (cos((((T ** P) + P) * pow2(_a2_))) * _a3_)))))) + _a1_) * _a2_)	{'Hungary': {'_a0_': 2516351106748557.5, '_a1_': -0.9025362075102589, '_a2_': 4.179654272960218, '_a3_': -0.19509507536175813, '_a4_': 1.0}}	{'Hungary': 0.045826627913499604}	-502.844920870086	89.53040071267768
89000	89000	-122.127982002551	((sqrt(_a3_) + (sqrt(T) / _a3_)) / (_a3_ * _a0_))	{'Hungary': {'_a0_': -14.908951690010495, '_a3_': 0.15715967999749872, '_a1_': 1.0, '_a2_': 1.0, '_a4_': 1.0}}	{'Hungary': 0.3214086544912179}	-303.770835824578	29.75743590973744
84000	84000	-129.003467848783	(-((((_a0_ * _a0_) + _a0_) ** T)) * _a2_)	{'Hungary': {'_a0_': -3.5953688944009554e+34, '_a2_': 0.2137334195107364, '_a1_': 1.0, '_a3_': 1.0, '_a4_': 1.0}}	{'Hungary': 0.3218627642251438}	-303.619765069099	22.8064146857675
32000	32000	-112.405347539194	(-(((T * ((_a3_ * (_a0_ + -(_a2_))) / _a2_)) * _a2_)) + _a1_)	{'Hungary': {'_a0_': -30.76616837712033, '_a1_': -0.20929974281202904, '_a2_': -110.95485939544093, '_a3_': 0.525713069675907, '_a4_': 1.0}}	{'Hungary': 0.3212349547732073}	-294.483020076158	34.83616249888531
77000	77000	-128.646674619847	(-(((T * exp(T)) ** _a0_)) * _a1_)	{'Hungary': {'_a0_': 0.15855774205387232, '_a1_': 0.7706057652574821, '_a2_': 1.0, '_a3_': 1.0, '_a4_': 1.0}}	{'Hungary': 0.3237096224388518}	-303.007550631008	22.857100695657536
21000	21000	-132.862279788576	(-((T + _a0_)) / exp(_a4_))	{'Hungary': {'_a0_': 0.004964818922452373, '_a4_': -3.7413905716255393, '_a1_': 1.0, '_a2_': 1.0, '_a3_': 1.0}}	{'Hungary': 0.321234954753207}	-303.828677751744	19.05205908729572
98000	98000	-130.649528676963	(-((T + _a3_)) ** pow3(_a4_))	{'Hungary': {'_a3_': 0.9902686061864088, '_a4_': 5.403845883282835, '_a0_': 1.0, '_a1_': 1.0, '_a2_': 1.0}}	{'Hungary': 0.3218581281469555}	-303.621306297206	21.161124471639887
67000	67000	-128.868103923129	(-((T / ((_a1_ * _a1_) * _a4_))) ** _a1_)	{'Hungary': {'_a1_': 0.1586987621274673, '_a4_': 203.5976311350718, '_a0_': 1.0, '_a2_': 1.0, '_a3_': 1.0}}	{'Hungary': 0.32371825684292727}	-303.004696625904	22.634244389823127
59000	59000	-124.076315076222	(-((_a1_ * _a3_)) * (((_a1_ ** _a1_) * _a3_) ** T))	{'Hungary': {'_a1_': 1.285769778017739e-70, '_a3_': 1.661752865259331e+69, '_a0_': 1.0, '_a2_': 1.0, '_a4_': 1.0}}	{'Hungary': 0.32186293399190347}	-303.619708631883	27.73353923971948
28000	28000	-124.983767679924	(-((_a2_ * ((_a0_ * T) + pow2(_a1_)))) * _a0_)	{'Hungary': {'_a0_': 8.230854919839448, '_a1_': 0.20215020551465657, '_a2_': 0.6222647307777833, '_a3_': 1.0, '_a4_': 1.0}}	{'Hungary': 0.3212349547545739}	-299.155848916826	24.59415677848959
88000	88000	-127.87735952009	(-((_a4_ + (pow2(_a4_) ** T))) + _a2_)	{'Hungary': {'_a1_': 36802803494077.01, '_a2_': -31187260.538508777, '_a4_': -31187261.317227982, '_a0_': 1.0, '_a3_': 1.0}}	{'Hungary': 0.3244952684820535}	-302.74817533482	23.496728147319743
22000	22000	-109.713774250182	(-((pow2((_a0_ + T)) + -(_a2_))) * (pow2(pow2(-(T))) ** _a2_))	{'Hungary': {'_a0_': 0.89220557861769, '_a2_': 0.03908509226613831, '_a1_': 1.0, '_a3_': 1.0, '_a4_': 1.0}}	{'Hungary': 0.3235915855076648}	-303.046574045832	41.80951277273437
94000	94000	-114.674413729846	(-(pow2(_a0_)) * ((((T * (_a4_ * _a2_)) + _a2_) ** T) * _a0_))	{'Hungary': {'_a0_': 0.5977488091588862, '_a2_': 5.79259633520085e+69, '_a4_': -356.1161640551933, '_a1_': 1.0, '_a3_': 1.0}}	{'Hungary': 0.32182863462534167}	-298.958282874312	34.80472770731038
96000	96000	-100.984454286302	(T * (_a4_ / (T / ((_a1_ * _a1_) * ((((_a1_ * _a4_) / (_a1_ ** T)) * -(_a4_)) + _a4_)))))	{'Hungary': {'_a1_': 3.788409710399484e-12, '_a4_': 305385329538.2456, '_a0_': 1.0, '_a2_': 1.0, '_a3_': 1.0}}	{'Hungary': 0.32131852411707923}	-303.800845291789	50.91596835959188
43000	43000	-128.057078216207	(T + (((_a1_ ** T) / -(_a4_)) * _a1_))	{'Hungary': {'_a1_': 2.555055577645827e+70, '_a4_': 1.1944199889128635e+71, '_a0_': 1.0, '_a2_': 1.0, '_a3_': 1.0}}	{'Hungary': 0.3218967086667732}	-303.608481179974	23.747162373780057
55000	55000	-128.1999985473	(T + (((_a4_ * _a2_) + sqrt(T)) * _a2_))	{'Hungary': {'_a2_': -2.779299912603266, '_a4_': -0.02178343364815861, '_a0_': 1.0, '_a1_': 1.0, '_a3_': 1.0}}	{'Hungary': 0.3214549634406092}	-303.755420245113	23.677711575257582
61000	61000	-132.593033039375	(T + ((_a1_ ** T) * (_a2_ * _a1_)))	{'Hungary': {'_a1_': 2.556940735685049e+70, '_a2_': -8.366083828215215e-72, '_a0_': 1.0, '_a3_': 1.0, '_a4_': 1.0}}	{'Hungary': 0.32189670866649917}	-303.608481180065	19.211207550657413
67000	67000	-132.518979800242	(T + (_a0_ * (_a2_ + (T / _a2_))))	{'Hungary': {'_a0_': 3.0054382853602633, '_a2_': -0.06964033920322973, '_a1_': 1.0, '_a3_': 1.0, '_a4_': 1.0}}	{'Hungary': 0.32123495475320696}	-303.828677751744	19.39535907563006
95000	95000	-132.518979800243	(T + (_a2_ * ((_a2_ + T) / _a0_)))	{'Hungary': {'_a0_': -0.00011237632457799661, '_a2_': 0.004849776878608973, '_a1_': 1.0, '_a3_': 1.0, '_a4_': 1.0}}	{'Hungary': 0.32123495475320696}	-303.828677751744	19.39535907563008
45000	45000	-134.572245930589	(T / ((log(T) / _a1_) * T))	{'Hungary': {'_a1_': 1.7769002362847672, '_a0_': 1.0, '_a2_': 1.0, '_a3_': 1.0, '_a4_': 1.0}}	{'Hungary': 0.32332940699673224}	-307.806130943012	19.33081954091761
56000	56000	-125.385544023408	(_a0_ * ((T / pow2((pow2(T) + _a0_))) + _a1_))	{'Hungary': {'_a0_': -0.0237326291978533, '_a1_': 8.819647040535447, '_a2_': 1.0, '_a3_': 1.0, '_a4_': 1.0}}	{'Hungary': 0.3212365072222947}	-303.828160641795	26.528536297490096
57000	57000	-133.440143481795	(_a0_ * (T + log((_a0_ * _a3_))))	{'Hungary': {'_a0_': -42.15657085383533, '_a3_': -0.02383915825570545, '_a1_': 1.0, '_a2_': 1.0, '_a4_': 1.0}}	{'Hungary': 0.32123495475320696}	-303.828677751744	18.474195394077537
76000	76000	-131.023986807223	(_a0_ * sin(((T + _a3_) + _a3_)))	{'Hungary': {'_a0_': -42.15739190216601, '_a3_': -9.422295591234976, '_a1_': 1.0, '_a2_': 1.0, '_a4_': 1.0}}	{'Hungary': 0.3212349366934188}	-303.82868376727	20.89035507641257
78000	78000	-131.580342824705	(_a0_ + ((sqrt(_a2_) * _a2_) ** T))	{'Hungary': {'_a0_': -1.2080546687059395, '_a2_': 1.179903235296097e-13, '_a1_': 1.0, '_a3_': 1.0, '_a4_': 1.0}}	{'Hungary': 0.32111218285620163}	-303.869579601757	20.35444697617423
97000	97000	-121.454250228612	(_a0_ + (_a3_ * (cos((T + (T / T))) / _a0_)))	{'Hungary': {'_a0_': -27.25556447025376, '_a3_': -1364.34869330225, '_a1_': 1.0, '_a2_': 1.0, '_a4_': 1.0}}	{'Hungary': 0.32123689198831434}	-303.828032480958	30.459766011867792
98000	98000	-127.98513568959	(_a0_ + (sqrt((_a4_ * _a4_)) ** -(T)))	{'Hungary': {'_a0_': -1.2080545646619594, '_a4_': 2.467579287036657e+19, '_a1_': 1.0, '_a2_': 1.0, '_a3_': 1.0}}	{'Hungary': 0.3211121828562317}	-303.869579601747	23.949654111284136
62000	62000	-136.217669321428	(_a0_ + sin((T * _a2_)))	{'Hungary': {'_a0_': -0.20924951557892052, '_a2_': -42.23059998291357, '_a1_': 1.0, '_a3_': 1.0, '_a4_': 1.0}}	{'Hungary': 0.3212295101617509}	-303.83049130352	15.697576330332588
34000	34000	-136.850706041961	(_a0_ / ((_a0_ ** T) * _a3_))	{'Hungary': {'_a0_': 7.736493653920587e-70, '_a3_': -3.619692676717828e-69, '_a1_': 1.0, '_a2_': 1.0, '_a4_': 1.0}}	{'Hungary': 0.3218627642251379}	-303.619765069101	14.959176492590268
64000	64000	-127.804310593559	(_a0_ / -((_a3_ / (T + (_a0_ + _a0_)))))	{'Hungary': {'_a0_': 0.0024824095139189314, '_a3_': 5.88854711903285e-05, '_a1_': 1.0, '_a2_': 1.0, '_a4_': 1.0}}	{'Hungary': 0.3212349547532069}	-303.828677751744	24.11002828231309
44000	44000	-117.543161976176	(_a0_ / log((((_a3_ * ((T * _a0_) * T)) * T) / _a1_)))	{'Hungary': {'_a0_': 4.6553947719222695, '_a1_': 3910834457.8807316, '_a3_': 10939268789.567053, '_a2_': 1.0, '_a4_': 1.0}}	{'Hungary': 0.3223920249999097}	-298.771133379659	31.842404713653384
63000	63000	-143.67009426883	(_a0_ / log(T))	{'Hungary': {'_a0_': 1.7769002336044353, '_a1_': 1.0, '_a2_': 1.0, '_a3_': 1.0, '_a4_': 1.0}}	{'Hungary': 0.3233294069967322}	-307.806130943012	10.232971202675715
29000	29000	-143.67009426883	(_a0_ / log(T))	{'Hungary': {'_a0_': 1.7769002343650437, '_a1_': 1.0, '_a2_': 1.0, '_a3_': 1.0, '_a4_': 1.0}}	{'Hungary': 0.3233294069967322}	-307.806130943012	10.232971202675802
39000	39000	-132.593854657247	(_a1_ * (((T + _a2_) * T) ** T))	{'Hungary': {'_a1_': -0.2139556364915401, '_a2_': 3.96631646236215e+71, '_a0_': 1.0, '_a3_': 1.0, '_a4_': 1.0}}	{'Hungary': 0.3218917652261635}	-303.610124415809	19.211207550657427
79000	79000	-118.235329020204	(_a1_ * (((_a0_ * _a3_) ** (_a1_ * T)) * -((_a3_ + _a1_))))	{'Hungary': {'_a0_': 5.895010740854508e-38, '_a1_': -0.4623129385478181, '_a3_': 5.468899814783447e-113, '_a2_': 1.0, '_a4_': 1.0}}	{'Hungary': 0.3218627642295632}	-298.946936233168	31.23813909638011
91000	91000	-133.631897784199	(_a1_ * (((_a1_ * _a1_) + T) / _a0_))	{'Hungary': {'_a0_': 0.0016714231894138277, '_a1_': -0.07046147097306889, '_a2_': 1.0, '_a3_': 1.0, '_a4_': 1.0}}	{'Hungary': 0.3212349547532069}	-303.828677751744	18.282441091673448
38000	38000	-113.036034691267	(_a1_ * ((_a2_ ** ((_a0_ * (T * _a0_)) + T)) * (_a2_ * (_a0_ * _a2_))))	{'Hungary': {'_a0_': 0.03951641892749558, '_a1_': -2.0043643606260753e-138, '_a2_': 1.6421808234195507e+69, '_a3_': 1.0, '_a4_': 1.0}}	{'Hungary': 0.32186340517795536}	-298.946723156611	36.4373268870383
22000	22000	-127.884367405737	(_a1_ * ((_a3_ * _a1_) + (_a2_ * (_a3_ * T))))	{'Hungary': {'_a1_': -0.5008376032927812, '_a2_': -100.87731282059005, '_a3_': -0.8344003830297212, '_a0_': 1.0, '_a4_': 1.0}}	{'Hungary': 0.3212349547577336}	-299.155848915774	21.693557052150386
62000	62000	-161.514760356704	(_a1_ * (P ** (cos(((_a0_ ** (T / (_a3_ + _a3_))) / cos((_a3_ + -(P))))) * ((((_a4_ / T) + (-(T) + (_a1_ + _a1_))) * _a4_) * _a2_))))	{'Hungary': {'_a0_': 7.0340100236e-313, '_a1_': -0.25017122923815355, '_a2_': 2659.7109331427755, '_a3_': -1.6432891466072201, '_a4_': 0.0001597282768486854}}	{'Hungary': 0.043318644058916014}	-504.194287072106	90.5823831793488
51000	51000	-176.627128067684	(_a1_ * (P ** (cos(((_a0_ ** (T / (_a3_ + _a3_))) / cos((_a3_ + -(P))))) * ((((_a4_ / T) + _a1_) * _a4_) * _a2_))))	{'Hungary': {'_a0_': 1.75674307599498e-309, '_a1_': -0.25261832439513304, '_a2_': 10023.296166396465, '_a3_': -1.642887663193789, '_a4_': 8.278046824894053e-05}}	{'Hungary': 0.04259952523809893}	-505.985468409202	76.36560613691701
46000	46000	-181.084396905178	(_a1_ * (P ** (cos(((_a0_ ** (T / _a3_)) / cos((_a3_ + -(P))))) * ((((_a4_ / T) * _a4_) + T) + _a2_))))	{'Hungary': {'_a0_': 2.9516249178625266e-155, '_a1_': -0.25267468976255447, '_a2_': -0.21098798763567866, '_a3_': -1.6429015588416493, '_a4_': -0.008307663627898405}}	{'Hungary': 0.04257748781331482}	-506.040835565669	71.93602087765652
79000	79000	-139.774982111518	(_a1_ * (T * (T ** _a1_)))	{'Hungary': {'_a1_': -0.8305106794585173, '_a0_': 1.0, '_a2_': 1.0, '_a3_': 1.0, '_a4_': 1.0}}	{'Hungary': 0.32399278833025225}	-307.586821832191	14.018428804577445
52000	52000	-186.067149776355	(_a1_ * (T + ((_a3_ * (T ** _a4_)) + (cos((((T ** P) + P) * pow2(((T * P) + _a4_)))) + _a0_))))	{'Hungary': {'_a0_': -2.985515729219868, '_a1_': 0.0858678062995959, '_a3_': 1.8400868848429008e-15, '_a4_': -4.180174343719613, '_a2_': 1.0}}	{'Hungary': 0.045964327200476975}	-502.523890660939	65.19479555411412
31000	31000	-129.717528820101	(_a1_ * pow2(((pow2(_a4_) / _a4_) ** T)))	{'Hungary': {'_a1_': -0.21373344244641132, '_a4_': 3.595220289234093e+34, '_a0_': 1.0, '_a2_': 1.0, '_a3_': 1.0}}	{'Hungary': 0.3218627642251394}	-303.619765069101	22.09235371445016
44000	44000	-129.229956692199	(_a1_ + (((_a1_ * _a2_) * sqrt(T)) * _a2_))	{'Hungary': {'_a1_': -0.16919297437047512, '_a2_': -4.006306274180509, '_a0_': 1.0, '_a3_': 1.0, '_a4_': 1.0}}	{'Hungary': 0.32140865449121797}	-303.770835824578	22.65546122008953
37000	37000	-132.286848148692	(_a1_ + ((_a3_ + T) * sqrt(T)))	{'Hungary': {'_a1_': -0.16913045473765567, '_a3_': -2.7188638248452355, '_a0_': 1.0, '_a2_': 1.0, '_a4_': 1.0}}	{'Hungary': 0.32141297371464767}	-303.769397923652	19.59785081313437
29000	29000	-133.628075206171	(_a1_ + ((_a3_ / T) + _a3_))	{'Hungary': {'_a1_': -0.28622977109824793, '_a3_': 2.1622197317558066e-05, '_a0_': 1.0, '_a2_': 1.0, '_a4_': 1.0}}	{'Hungary': 0.3390021345746669}	-298.068482296934	15.40616594229579
85000	85000	-127.628817065656	(_a1_ + ((pow2(_a2_) / _a1_) / (T + _a2_)))	{'Hungary': {'_a1_': 0.03396241651268499, '_a2_': -0.00851431187695531, '_a0_': 1.0, '_a3_': 1.0, '_a4_': 1.0}}	{'Hungary': 0.3224628643177334}	-303.420453647579	24.08140975813285
36000	36000	-171.52554848589	(_a1_ + (T ** (cos(((_a0_ ** (T / _a3_)) / cos((_a3_ + -(P))))) * ((((_a2_ / -((T * _a1_))) * _a1_) + _a4_) + _a2_))))	{'Hungary': {'_a0_': 9.555722396279665e-147, '_a1_': -1.2527530338693076, '_a2_': 6.426805932947252e-06, '_a3_': -1.6426269679832877, '_a4_': 0.018608179458179164}}	{'Hungary': 0.04310417951178942}	-504.725344788116	80.83712390816815
45000	45000	-180.892637865224	(_a1_ / (P ** (cos(((_a0_ ** (T / _a3_)) / cos((_a3_ + -(P))))) * ((((_a2_ / T) * _a4_) * _a4_) + _a4_))))	{'Hungary': {'_a0_': 4.200802961250163e-155, '_a1_': -0.2526185535449662, '_a2_': -0.0015633640114475784, '_a3_': -1.642887323560563, '_a4_': 0.20960570849649698}}	{'Hungary': 0.04259952523239691}	-505.985468423524	72.10009634653763
96000	96000	-135.335541689609	(_a1_ / (T + (T ** _a4_)))	{'Hungary': {'_a1_': -0.7739792737056569, '_a4_': -0.1591040914706655, '_a0_': 1.0, '_a2_': 1.0, '_a3_': 1.0}}	{'Hungary': 0.32374273037209544}	-302.996607589888	16.162762105335652
21000	21000	-138.48088113894	(_a1_ / (log(T) + T))	{'Hungary': {'_a1_': 1.7765555168965483, '_a0_': 1.0, '_a2_': 1.0, '_a3_': 1.0, '_a4_': 1.0}}	{'Hungary': 0.3233078587696055}	-307.81326217539	15.425749948755811
98000	98000	-128.552132623509	(_a1_ / (sqrt(cos(T)) ** _a4_))	{'Hungary': {'_a1_': -0.23380511445057603, '_a4_': 225674.3316114529, '_a0_': 1.0, '_a2_': 1.0, '_a3_': 1.0}}	{'Hungary': 0.328603755048261}	-301.40193580347	22.148835278225576
91000	91000	-117.18722733852	(_a1_ / -(log(((_a1_ + (log(_a4_) + _a1_)) / T))))	{'Hungary': {'_a1_': 1.5517976330879457, '_a4_': 0.06866367808130379, '_a0_': 1.0, '_a2_': 1.0, '_a3_': 1.0}}	{'Hungary': 0.32239202488630037}	-303.443962251827	34.534753787392845
53000	53000	-143.67009426883	(_a1_ / log(T))	{'Hungary': {'_a1_': 1.7769002348813245, '_a0_': 1.0, '_a2_': 1.0, '_a3_': 1.0, '_a4_': 1.0}}	{'Hungary': 0.32332940699673224}	-307.806130943012	10.23297120267578
26000	26000	-133.933228178855	(_a1_ / log(pow2((_a3_ * T))))	{'Hungary': {'_a1_': 3.103608874494522, '_a3_': 2.35254604137166, '_a0_': 1.0, '_a2_': 1.0, '_a4_': 1.0}}	{'Hungary': 0.3223920248870123}	-303.443962251591	17.788752946940114
28000	28000	-114.898332600336	(_a2_ * (((T ** _a4_) / _a1_) ** (_a4_ * ((_a1_ * _a4_) / _a1_))))	{'Hungary': {'_a1_': 1.2551238706847082e-252, '_a2_': -1.2184316634499618e-74, '_a4_': 0.5412731017419694, '_a0_': 1.0, '_a3_': 1.0}}	{'Hungary': 0.3237182903385829}	-298.331856719978	34.26759575965274
22000	22000	-130.350742286344	(_a2_ * (T ** pow2(pow2((_a4_ * _a2_)))))	{'Hungary': {'_a2_': -0.7714981529645029, '_a4_': -0.8181031948450875, '_a0_': 1.0, '_a1_': 1.0, '_a3_': 1.0}}	{'Hungary': 0.3237182568439561}	-303.004696625563	21.15160602643764
65000	65000	-131.382266559873	(_a2_ * (T ** sin((T * _a1_))))	{'Hungary': {'_a1_': -27.91715229857377, '_a2_': -0.20743674935320985, '_a0_': 1.0, '_a3_': 1.0, '_a4_': 1.0}}	{'Hungary': 0.3212231807201874}	-303.832599630738	20.534033255495636
96000	96000	-132.941393399863	(_a2_ * (_a0_ + pow2((T + T))))	{'Hungary': {'_a0_': 5.985201129853672e-05, '_a2_': -3875.200407261888, '_a1_': 1.0, '_a3_': 1.0, '_a4_': 1.0}}	{'Hungary': 0.32748922745857756}	-301.765465272574	17.94133923642435
85000	85000	-136.030741914885	(_a2_ * (_a1_ ** (T ** T)))	{'Hungary': {'_a1_': 6.075381248874903e-13, '_a2_': -341197147254.66626, '_a0_': 1.0, '_a3_': 1.0, '_a4_': 1.0}}	{'Hungary': 0.32120886078335825}	-303.837369732919	15.887942951574235
53000	53000	-111.471676545963	(_a2_ * (_a2_ / ((exp((((_a0_ * T) + _a0_) / _a1_)) * _a0_) / _a1_)))	{'Hungary': {'_a0_': 20.32196209088885, '_a1_': -0.127703071865703, '_a2_': 1.6225853917118347e-34, '_a3_': 1.0, '_a4_': 1.0}}	{'Hungary': 0.32186276523713836}	-298.94693589821	38.00179140314172
40000	40000	-133.616979884704	(_a2_ * (fac(T) ** _a1_))	{'Hungary': {'_a1_': -276.75531576246584, '_a2_': -0.21366350067294274, '_a0_': 1.0, '_a3_': 1.0, '_a4_': 1.0}}	{'Hungary': 0.3218496733965247}	-303.624117070336	18.19507865046428
42000	42000	-133.113563695807	(_a2_ * (pow2(T) + (_a0_ / _a2_)))	{'Hungary': {'_a0_': -0.23193853803379552, '_a2_': -15500.801866161588, '_a1_': 1.0, '_a3_': 1.0, '_a4_': 1.0}}	{'Hungary': 0.3274892274585776}	-301.765465272574	17.76916894048007
69000	69000	-103.817248274792	(_a2_ + (((_a2_ * _a2_) * (_a0_ * _a2_)) / (((_a0_ * _a0_) * (T ** (_a2_ + _a2_))) ** T)))	{'Hungary': {'_a0_': -0.1904423193336482, '_a2_': -2.183863855030749, '_a1_': 1.0, '_a3_': 1.0, '_a4_': 1.0}}	{'Hungary': 0.3208720916144273}	-303.949611979774	48.15755771509566
29000	29000	-132.346809504303	(_a2_ + (_a2_ * ((_a3_ + _a2_) + T)))	{'Hungary': {'_a2_': -42.15656195601649, '_a3_': 41.161526776247655, '_a0_': 1.0, '_a1_': 1.0, '_a4_': 1.0}}	{'Hungary': 0.32123495475317065}	-303.828677751756	19.56752937157438
97000	97000	-133.302702627486	(_a2_ / ((T ** _a2_) * sqrt(T)))	{'Hungary': {'_a2_': -0.6289913222855615, '_a0_': 1.0, '_a1_': 1.0, '_a3_': 1.0, '_a4_': 1.0}}	{'Hungary': 0.32586602612669524}	-306.969958615431	20.18227668022994
41000	41000	-122.46548811525	(_a2_ / ((_a3_ / (_a2_ * ((_a2_ * _a2_) ** T))) / _a2_))	{'Hungary': {'_a2_': 3.5951878517145743e+34, '_a3_': -2.1741638488513737e+104, '_a0_': 1.0, '_a1_': 1.0, '_a4_': 1.0}}	{'Hungary': 0.32186276422514337}	-303.619765069099	29.344394419299647
73000	73000	-128.89672244731	(_a2_ / ((_a4_ * pow2(_a4_)) * (T ** _a2_)))	{'Hungary': {'_a2_': -0.15869882035720437, '_a4_': 0.5903084133798352, '_a0_': 1.0, '_a1_': 1.0, '_a3_': 1.0}}	{'Hungary': 0.32371825684291955}	-303.004696625906	22.60562586564339
27000	27000	-143.67009426883	(_a2_ / log(T))	{'Hungary': {'_a2_': 1.776900233451776, '_a0_': 1.0, '_a1_': 1.0, '_a3_': 1.0, '_a4_': 1.0}}	{'Hungary': 0.32332940699673224}	-307.806130943012	10.232971202675774
28000	28000	-143.670094268831	(_a2_ / log(T))	{'Hungary': {'_a2_': 1.776900233451776, '_a0_': 1.0, '_a1_': 1.0, '_a3_': 1.0, '_a4_': 1.0}}	{'Hungary': 0.32332940699673224}	-307.806130943012	10.232971202675774
77000	77000	-126.53167356432	(_a2_ / pow2((((_a1_ / _a0_) * T) + _a2_)))	{'Hungary': {'_a0_': 1.0, '_a1_': 331.6771315090725, '_a2_': -4.635526272695768, '_a3_': 1.0, '_a4_': 1.0}}	{'Hungary': 0.32224784846375487}	-298.818995419414	22.87782414538756
94000	94000	-130.126896556742	(_a3_ * ((T ** _a3_) * (_a0_ / _a4_)))	{'Hungary': {'_a0_': -0.14480802617286295, '_a3_': 0.1586988185927348, '_a4_': 0.02978744124326544, '_a1_': 1.0, '_a2_': 1.0}}	{'Hungary': 0.3237182573528044}	-298.33186762291	19.03903725471304
49000	49000	-133.25549890685	(_a3_ * (-((_a4_ / _a3_)) ** T))	{'Hungary': {'_a3_': 0.21373342207453458, '_a4_': 2.7628386007682557e+68, '_a0_': 1.0, '_a1_': 1.0, '_a2_': 1.0}}	{'Hungary': 0.3218627642251416}	-303.6197650691	18.554383627700155
50000	50000	-133.032642601017	(_a3_ * (exp(-(_a0_)) ** T))	{'Hungary': {'_a0_': -159.13502646894483, '_a3_': -0.21373343432527359, '_a1_': 1.0, '_a2_': 1.0, '_a4_': 1.0}}	{'Hungary': 0.32186276422513665}	-303.619765069102	18.777239933534347
57000	57000	-133.944381115274	(_a3_ * -(((T + _a3_) + _a0_)))	{'Hungary': {'_a0_': -42.1516059716602, '_a3_': 42.15657079063622, '_a1_': 1.0, '_a2_': 1.0, '_a4_': 1.0}}	{'Hungary': 0.3212349547531696}	-303.828677751756	17.969957760604373
50000	50000	-133.459727488254	(_a3_ + (((T + T) * _a3_) * _a1_))	{'Hungary': {'_a1_': 100.7086082487736, '_a3_': -0.20929974183264358, '_a0_': 1.0, '_a2_': 1.0, '_a4_': 1.0}}	{'Hungary': 0.3212349547532069}	-303.828677751744	18.454611387617454
32000	32000	-131.559717794618	(_a3_ + (((_a3_ / _a2_) ** T) * _a3_))	{'Hungary': {'_a2_': -1.8457869352647913e-118, '_a3_': -0.10833437989403462, '_a0_': 1.0, '_a1_': 1.0, '_a4_': 1.0}}	{'Hungary': 0.32245414763447905}	-303.423346066576	20.15195523867024
48000	48000	-129.2299566922	(_a3_ + (((_a4_ * _a3_) * _a4_) * sqrt(T)))	{'Hungary': {'_a3_': -0.16919297519634352, '_a4_': -4.006306247475603, '_a0_': 1.0, '_a1_': 1.0, '_a2_': 1.0}}	{'Hungary': 0.32140865449121797}	-303.770835824578	22.65546122008962
33000	33000	-122.946671718257	(_a3_ + sin((((_a3_ * _a2_) / _a3_) * (T * _a3_))))	{'Hungary': {'_a2_': 201.8193511034053, '_a3_': -0.20924951405610542, '_a0_': 1.0, '_a1_': 1.0, '_a4_': 1.0}}	{'Hungary': 0.32122951016175094}	-303.83049130352	28.968573933503517
70000	70000	-128.60506685655	(_a3_ / (((_a1_ * (_a1_ * T)) ** T) * _a1_))	{'Hungary': {'_a1_': -4.871804081772539e-34, '_a3_': 1.0401858630159424e-34, '_a0_': 1.0, '_a2_': 1.0, '_a4_': 1.0}}	{'Hungary': 0.3218341890878832}	-303.62926500435	23.209565645625396
51000	51000	-137.474536505597	(_a3_ / ((T + _a4_) * _a4_))	{'Hungary': {'_a3_': -1.2958247473690229e-05, '_a4_': -0.007717425331958984, '_a0_': 1.0, '_a1_': 1.0, '_a2_': 1.0}}	{'Hungary': 0.32266249135060604}	-303.354233670294	14.202580329550056
40000	40000	-134.878520363726	(_a3_ / (-(log(T)) + T))	{'Hungary': {'_a3_': -1.777244875639676, '_a0_': 1.0, '_a1_': 1.0, '_a2_': 1.0, '_a4_': 1.0}}	{'Hungary': 0.32335109209107377}	-307.798954895184	19.02095708386573
81000	81000	-143.67009426883	(_a3_ / log(T))	{'Hungary': {'_a3_': 1.7769002335265955, '_a0_': 1.0, '_a1_': 1.0, '_a2_': 1.0, '_a4_': 1.0}}	{'Hungary': 0.3233294069967322}	-307.806130943012	10.232971202675522
38000	38000	-143.67009426883	(_a3_ / log(T))	{'Hungary': {'_a3_': 1.7769002335995405, '_a0_': 1.0, '_a1_': 1.0, '_a2_': 1.0, '_a4_': 1.0}}	{'Hungary': 0.3233294069967321}	-307.806130943012	10.232971202675662
80000	80000	-124.197748060152	(_a4_ * (((T + (T ** (T + _a4_))) * T) + T))	{'Hungary': {'_a4_': -0.831055496107688, '_a0_': 1.0, '_a1_': 1.0, '_a2_': 1.0, '_a3_': 1.0}}	{'Hungary': 0.32398611362146224}	-307.58902620594	29.596765042817545
95000	95000	-106.456978088094	(_a4_ * (((pow2(abs(_a2_)) * T) + T) * ((T ** (_a3_ * T)) / T)))	{'Hungary': {'_a2_': 3.0037125726675654e+32, '_a3_': -27.89313437994122, '_a4_': -2.29943326343665e-66, '_a0_': 1.0, '_a1_': 1.0}}	{'Hungary': 0.32122563484186867}	-299.1589533272	43.12249857550583
60000	60000	-100.201651973885	(_a4_ * ((T + (pow2((_a0_ / T)) / ((_a1_ * (-(T) * (_a4_ * _a4_))) * _a4_))) ** T))	{'Hungary': {'_a0_': -5.94155024563328e+31, '_a1_': 8156.503706066493, '_a4_': -0.21306806826532165, '_a2_': 1.0, '_a3_': 1.0}}	{'Hungary': 0.321778315704318}	-298.975013969456	49.285855010843065
89000	89000	-167.299713446401	(_a4_ * (P ** (cos(((_a0_ ** (T / _a2_)) / cos((_a2_ + -(P))))) * ((((_a4_ / T) * (T + -(_a1_))) * _a1_) / (_a2_ / _a3_)))))	{'Hungary': {'_a0_': 4.198648365468128e-155, '_a1_': 0.0003276899966935291, '_a2_': -1.6428874032440106, '_a3_': -4159.897101897392, '_a4_': -0.2526185021159577}}	{'Hungary': 0.042599525231071356}	-505.985468426853	85.69302076702557
84000	84000	-137.780407781472	(_a4_ * (_a1_ ** (T * _a4_)))	{'Hungary': {'_a1_': 6.06502148666e-312, '_a4_': -0.21517313008833902, '_a0_': 1.0, '_a2_': 1.0, '_a3_': 1.0}}	{'Hungary': 0.32192922490861753}	-303.597673172098	14.018428804577304
83000	83000	-141.871314492095	(_a4_ * (_a1_ ** T))	{'Hungary': {'_a1_': 1.2925324949841146e+69, '_a4_': -0.2137334484975974, '_a0_': 1.0, '_a2_': 1.0, '_a3_': 1.0}}	{'Hungary': 0.3218627642251443}	-303.619765069099	9.93856804245429
39000	39000	-137.780563604585	(_a4_ * (_a2_ ** (T * _a4_)))	{'Hungary': {'_a2_': 4.978694805724e-312, '_a4_': -0.21516331362813143, '_a0_': 1.0, '_a1_': 1.0, '_a3_': 1.0}}	{'Hungary': 0.32192828726485995}	-303.597984818325	14.018428804577365
43000	43000	-124.656278111025	(_a4_ * log((_a0_ + pow2((_a4_ * sqrt(T))))))	{'Hungary': {'_a0_': 1.0603322250351817, '_a4_': -3.5671764509041206, '_a1_': 1.0, '_a2_': 1.0, '_a3_': 1.0}}	{'Hungary': 0.3211999905147347}	-303.840324607344	27.26388419264741
42000	42000	-114.323242087958	(_a4_ * pow2(((_a3_ ** (_a3_ * T)) ** ((pow2(_a3_) + _a4_) + T))))	{'Hungary': {'_a3_': 3.8994289364096457, '_a4_': -0.21373657684998015, '_a0_': 1.0, '_a1_': 1.0, '_a2_': 1.0}}	{'Hungary': 0.3218633779841774}	-303.61956103135	37.48653842771742
24000	24000	-130.301131852881	(_a4_ * pow2(pow2((T + sqrt(_a1_)))))	{'Hungary': {'_a1_': 0.0005650024686835649, '_a4_': -666237.4518945481, '_a0_': 1.0, '_a2_': 1.0, '_a3_': 1.0}}	{'Hungary': 0.3216853457909393}	-303.67876228359	21.53824928891438
66000	66000	-115.982825178408	(_a4_ + ((((_a2_ ** _a4_) / _a2_) * (T * _a1_)) + (T * T)))	{'Hungary': {'_a1_': -2.1108163557164628e-193, '_a2_': 2.128040367675126e-161, '_a4_': -0.20929853332205503, '_a0_': 1.0, '_a3_': 1.0}}	{'Hungary': 0.32123481150315153}	-299.155896632386	33.59512313778526
47000	47000	-181.816583810552	(_a4_ + (((T + ((_a1_ / _a2_) + T)) + (cos((_a1_ / (P * ((T + _a4_) ** _a2_)))) * (P * _a1_))) / _a0_))	{'Hungary': {'_a0_': 1196266.3160216862, '_a1_': 1125182.438908883, '_a2_': -3.9312683398450865, '_a4_': 0.021360506876546975, '_a3_': 1.0}}	{'Hungary': 0.04812549198272149}	-497.607624194062	66.9872282864789
99000	99000	-120.909925874808	(_a4_ + (((_a3_ * (_a1_ + _a4_)) * (_a3_ + T)) / _a3_))	{'Hungary': {'_a1_': -42.12655194385247, '_a3_': 0.004252736009297476, '_a4_': -0.030018973323659083, '_a0_': 1.0, '_a2_': 1.0}}	{'Hungary': 0.3212349547532074}	-299.155848917282	28.6679985838336
95000	95000	-132.720884681903	(_a4_ + ((_a2_ * T) * -(_a0_)))	{'Hungary': {'_a0_': -42631.459687778435, '_a2_': -0.000988859321260473, '_a4_': -0.20929974298081913, '_a1_': 1.0, '_a3_': 1.0}}	{'Hungary': 0.3212349547537555}	-299.155848917099	16.857039776647348
46000	46000	-125.868918175232	(_a4_ + (T * ((_a4_ * _a0_) * ((_a0_ * _a0_) * _a0_))))	{'Hungary': {'_a0_': 3.7672474445709674, '_a4_': -0.2092997420322071, '_a1_': 1.0, '_a2_': 1.0, '_a3_': 1.0}}	{'Hungary': 0.321234954753207}	-303.828677751744	26.04542070063979
32000	32000	-163.667884185094	(_a4_ + (_a2_ ** (cos(((_a0_ ** ((_a1_ + T) / _a3_)) / cos((_a3_ + -(P))))) * ((((_a1_ / (T * _a3_)) * _a3_) + (P * T)) + _a4_))))	{'Hungary': {'_a0_': 2.9944202443015654e-124, '_a1_': 0.0004428393329491521, '_a2_': 1.1100275514978304, '_a3_': -1.649515270497888, '_a4_': -1.251776298932166}}	{'Hungary': 0.044494037022266696}	-501.329676691701	86.99695416075694
59000	59000	-134.51429162473	(_a4_ / (_a2_ * (_a3_ ** T)))	{'Hungary': {'_a2_': -193.41338587088055, '_a3_': 7.736347092186304e-70, '_a4_': 41.338907211729236, '_a0_': 1.0, '_a1_': 1.0}}	{'Hungary': 0.3218627642251368}	-298.94693623464	14.959176492590162
92000	92000	-124.783958275547	(_a4_ / exp(((T * _a1_) + exp(_a0_))))	{'Hungary': {'_a0_': 0.049905949809510686, '_a1_': -159.13502283159247, '_a4_': -0.6114916821160221, '_a2_': 1.0, '_a3_': 1.0}}	{'Hungary': 0.3218627642268419}	-298.946936234073	24.689509841490096
88000	88000	-131.083541605636	(_a4_ / log((_a2_ * (_a1_ * T))))	{'Hungary': {'_a1_': 1.1580795508129575, '_a2_': 2.0314184005144362, '_a4_': 1.551801597645176, '_a0_': 1.0, '_a3_': 1.0}}	{'Hungary': 0.3223920249159107}	-298.771133407538	18.302025098133253
52000	52000	-131.466579728313	(cos((_a3_ * pow2(_a3_))) + (T * _a3_))	{'Hungary': {'_a3_': -42.14700085247029, '_a0_': 1.0, '_a1_': 1.0, '_a2_': 1.0, '_a4_': 1.0}}	{'Hungary': 0.3212349582417158}	-308.50150542422	22.784172983797603
48000	48000	-131.041222873845	(cos((_a4_ ** (T / _a0_))) * _a0_)	{'Hungary': {'_a0_': -0.3703888281009116, '_a4_': 6.810503737110276e+32, '_a1_': 1.0, '_a2_': 1.0, '_a3_': 1.0}}	{'Hungary': 0.3209839958756278}	-303.91230219553	20.91492822392004
37000	37000	-109.815416561441	(cos(sqrt((exp(_a1_) + _a1_))) * (_a1_ / (_a1_ * (_a1_ * log(T)))))	{'Hungary': {'_a1_': 0.2053776152622275, '_a0_': 1.0, '_a2_': 1.0, '_a3_': 1.0, '_a4_': 1.0}}	{'Hungary': 0.32332940699673224}	-307.806130943012	44.0876489100653
58000	58000	-137.556616195108	(exp((T * _a4_)) / _a1_)	{'Hungary': {'_a1_': -4.678725655005491, '_a4_': 159.1351056057924, '_a0_': 1.0, '_a2_': 1.0, '_a3_': 1.0}}	{'Hungary': 0.32186276422515275}	-303.619765069096	14.253266339439955
57000	57000	-127.527380523704	(exp(_a4_) / (_a0_ * ((_a4_ ** T) * _a4_)))	{'Hungary': {'_a0_': -6.051394919019573e+69, '_a4_': 7.731653315525406e-70, '_a1_': 1.0, '_a2_': 1.0, '_a3_': 1.0}}	{'Hungary': 0.32186276422612503}	-303.619765068773	24.282502010683324
34000	34000	-129.873554870865	(log((pow2(_a3_) * _a3_)) + (_a4_ * T))	{'Hungary': {'_a3_': 0.9326114837329541, '_a4_': -42.156570449124324, '_a0_': 1.0, '_a1_': 1.0, '_a2_': 1.0}}	{'Hungary': 0.32123495475320707}	-303.828677751744	22.04078400500753
55000	55000	-137.520004243918	(log(_a1_) + (T * _a0_))	{'Hungary': {'_a0_': -42.156570771408184, '_a1_': 0.8111520623387747, '_a2_': 1.0, '_a3_': 1.0, '_a4_': 1.0}}	{'Hungary': 0.32123495475320707}	-303.828677751744	14.394334631954326
100000	100000	-133.953415632988	(log(pow2(_a3_)) * (_a1_ + T))	{'Hungary': {'_a1_': 0.00496481744151559, '_a3_': -7.011560358529076e-10, '_a0_': 1.0, '_a2_': 1.0, '_a4_': 1.0}}	{'Hungary': 0.32123495475321107}	-303.828677751742	17.960923242884263
78000	78000	-129.204256668876	(pow2(((_a3_ * (_a2_ ** T)) * _a3_)) / _a3_)	{'Hungary': {'_a2_': 3.594796632484473e+34, '_a3_': -0.597894010725357, '_a0_': 1.0, '_a1_': 1.0, '_a4_': 1.0}}	{'Hungary': 0.321862764225329}	-303.619765069038	22.60562586564308
40000	40000	-127.285557492713	(pow2((T ** _a3_)) + ((_a4_ * _a3_) + _a4_))	{'Hungary': {'_a3_': -0.015358838801641616, '_a4_': -1.5190040533798244, '_a0_': 1.0, '_a1_': 1.0, '_a2_': 1.0}}	{'Hungary': 0.3256973092987557}	-302.352543276516	23.890714145544244
87000	87000	-140.1035056579	(pow2(_a2_) / log(T))	{'Hungary': {'_a2_': 1.3330042136656652, '_a0_': 1.0, '_a1_': 1.0, '_a3_': 1.0, '_a4_': 1.0}}	{'Hungary': 0.3233294069967321}	-307.806130943012	13.799559813605656
92000	92000	-138.439459877768	(sin(_a2_) + (T * _a2_))	{'Hungary': {'_a2_': -37.915079076114445, '_a0_': 1.0, '_a1_': 1.0, '_a3_': 1.0, '_a4_': 1.0}}	{'Hungary': 0.3219184828522517}	-308.2740724162	15.697576330332328
81000	81000	-118.109192152165	-((((((_a4_ * -(T)) * _a4_) + T) / log(T)) / T))	{'Hungary': {'_a4_': -1.6664033825594606, '_a0_': 1.0, '_a1_': 1.0, '_a2_': 1.0, '_a3_': 1.0}}	{'Hungary': 0.3233294069967322}	-307.806130943012	35.79387331934059
25000	25000	-129.805277948002	-(((_a0_ + sqrt(T)) * (_a0_ * _a4_)))	{'Hungary': {'_a0_': 0.062303390281721376, '_a4_': 43.58719853129684, '_a1_': 1.0, '_a2_': 1.0, '_a3_': 1.0}}	{'Hungary': 0.3214086544912181}	-303.770835824578	22.08013996428757
21000	21000	-160.354491860229	-(((_a1_ + ((_a0_ * T) * (P ** _a4_))) / (((P ** _a0_) + ((-((_a1_ + log(_a4_))) + (_a3_ ** -(P))) * pow2(T))) + (_a2_ * _a2_))))	{'Hungary': {'_a0_': 6.534083949351168, '_a1_': 1.0431368362462187e-08, '_a2_': -0.00026948166462294215, '_a3_': 0.00016839217709370034, '_a4_': 4.23892185748538}}	{'Hungary': 0.04780106281298506}	-493.65855852597	86.47478740275668
20000	20000	-166.680226827931	-(((_a1_ + ((_a0_ * T) / (P ** _a4_))) / (((P ** _a0_) + ((log((_a2_ + P)) * (_a3_ ** P)) * pow2(T))) + (_a1_ * _a0_))))	{'Hungary': {'_a0_': 7.253107140222661, '_a1_': 1.101363509241812e-09, '_a2_': 0.9551813879461487, '_a3_': 34627.71524895968, '_a4_': -5.0526979075176905}}	{'Hungary': 0.04859214475827006}	-491.902259079003	79.27090271157047
92000	92000	-140.297878196193	-(((_a2_ * T) ** _a2_))	{'Hungary': {'_a2_': 0.15444792632152862, '_a0_': 1.0, '_a1_': 1.0, '_a3_': 1.0, '_a4_': 1.0}}	{'Hungary': 0.32376127705580393}	-307.663306747515	13.533775177564303
68000	68000	-160.733742770604	-(((_a3_ + (T / (((_a2_ + T) + (((_a4_ * _a4_) + (_a2_ + P)) + _a0_)) ** _a0_))) / (((P ** _a2_) + ((_a2_ + ((_a0_ / (_a4_ / ((exp(P) / pow2(_a1_)) * _a0_))) + _a1_)) * pow2(T))) + (_a3_ * _a4_))))	{'Hungary': {'_a0_': -17.739639536224335, '_a1_': -9.451646384274733, '_a2_': 7.495390322676188, '_a3_': -1.0269511728479009e-09, '_a4_': 1.7977872295956503}}	{'Hungary': 0.023058078279326495}	-571.664950226795	125.09873234279364
67000	67000	-160.325485146466	-(((_a3_ + (T / ((_a2_ + ((((T + _a4_) * _a4_) + (_a2_ + P)) + _a0_)) ** _a0_))) / (((P ** _a2_) + ((_a2_ + ((_a0_ / (_a4_ / ((exp(P) / pow2(_a1_)) * _a0_))) + _a1_)) * pow2(T))) + (_a3_ * _a4_))))	{'Hungary': {'_a0_': -17.744372401704965, '_a1_': -9.43038169775122, '_a2_': 7.476662201908607, '_a3_': -1.0130364804210123e-09, '_a4_': 1.8093466039110144}}	{'Hungary': 0.02323470716613915}	-570.848434978519	125.09873234279364
73000	73000	-166.495804065572	-(((_a3_ + (T / ((_a2_ + (((_a4_ * _a4_) + (_a2_ + P)) + _a0_)) ** _a0_))) / (((P ** _a2_) + ((_a1_ + ((_a1_ / (_a4_ / (((_a2_ + P) / (_a4_ ** _a2_)) * _a0_))) + _a2_)) * (T ** _a4_))) + (_a3_ * _a4_))))	{'Hungary': {'_a0_': -17.636607488747398, '_a1_': -19.41365868859073, '_a2_': 7.252969584902311, '_a3_': -1.860125911554273e-09, '_a4_': 1.9049966669083764}}	{'Hungary': 0.02077050591761137}	-582.844543487612	124.92646767823368
70000	70000	-164.242732429308	-(((_a3_ + (T / ((_a2_ + (((_a4_ * _a4_) + (_a2_ + P)) + _a0_)) ** _a0_))) / (((P ** _a2_) + ((_a2_ + ((_a0_ / (_a4_ / ((exp(P) / pow2(_a1_)) * _a0_))) + _a1_)) * pow2(T))) + (_a3_ * _a4_))))	{'Hungary': {'_a0_': -17.713776071694866, '_a1_': -9.48119552699881, '_a2_': 7.5200310570924795, '_a3_': -1.0458338843903393e-09, '_a4_': 1.7768377070216732}}	{'Hungary': 0.023850041960612786}	-568.051581520364	119.78305833087366
72000	72000	-165.68960159126	-(((_a3_ + (T / ((_a2_ + (((_a4_ * _a4_) + (_a2_ + P)) + _a0_)) ** _a0_))) / (((P ** _a2_) + ((_a4_ + ((_a0_ / (_a4_ / (((_a4_ + P) / (_a4_ ** _a2_)) * _a0_))) + _a1_)) * (T ** _a4_))) + (_a3_ * _a4_))))	{'Hungary': {'_a0_': -17.620692324926495, '_a1_': -4.866513005125662, '_a2_': 7.259440119579048, '_a3_': -1.832814638311582e-09, '_a4_': 1.897215454771402}}	{'Hungary': 0.021085871115548282}	-581.232138538987	124.92646767823368
76000	76000	-161.285826003699	-(((_a3_ + (T / ((_a2_ + (((_a4_ * _a4_) + (_a2_ + P)) + _a1_)) ** _a1_))) / (((P ** _a2_) + ((_a0_ + ((_a1_ / (_a4_ / ((((P + _a2_) + T) / (_a4_ ** _a2_)) * _a0_))) + _a2_)) * (T ** _a4_))) + (_a3_ * _a4_))))	{'Hungary': {'_a0_': -19.992977673289897, '_a1_': -17.56598328736522, '_a2_': 7.221678097296469, '_a3_': -2.032738364347494e-09, '_a4_': 1.9031995521248481}}	{'Hungary': 0.02072951168993601}	-583.055935387705	130.2421416901537
71000	71000	-160.000446858107	-(((_a3_ + (T / ((_a2_ + (((_a4_ ** _a4_) + (_a2_ + P)) + _a0_)) ** _a0_))) / (((P ** _a2_) + ((_a2_ + ((_a0_ / (_a4_ / ((((_a4_ * _a4_) + P) / (_a4_ ** _a2_)) * _a0_))) + _a1_)) * (T ** _a4_))) + (_a3_ * _a4_))))	{'Hungary': {'_a0_': -17.379217333144553, '_a1_': -12.820907064632312, '_a2_': 7.265964178021667, '_a3_': -1.908537397637302e-09, '_a4_': 1.891980378795743}}	{'Hungary': 0.02093586498495787}	-581.996063385542	130.99758483466368
69000	69000	-161.237196383859	-(((_a3_ + (T / ((_a2_ + (((_a4_ ** _a4_) + (_a2_ + P)) + _a0_)) ** _a0_))) / (((P ** _a2_) + ((_a2_ + ((_a0_ / (_a4_ / ((exp(P) / pow2(_a1_)) * _a0_))) + _a1_)) * pow2(T))) + (_a3_ * _a4_))))	{'Hungary': {'_a0_': -17.49639503074874, '_a1_': -9.457161351580204, '_a2_': 7.5552908506969585, '_a3_': -1.015321527923899e-09, '_a4_': 1.7963714851034902}}	{'Hungary': 0.024465926178938766}	-565.323573223806	121.42459022804316
74000	74000	-158.965969006413	-(((_a3_ + (T / ((_a2_ + (((_a4_ + _a4_) + (_a2_ + P)) + _a0_)) ** _a0_))) / (((P ** _a2_) + ((_a1_ + ((_a1_ / (_a4_ / ((((P + _a2_) + _a4_) / (_a4_ ** _a2_)) * _a0_))) + _a2_)) * (T ** _a4_))) + (_a3_ * _a4_))))	{'Hungary': {'_a0_': -18.02579168320946, '_a1_': -23.11381641019262, '_a2_': 7.3267003423830825, '_a3_': -1.4496902922123452e-09, '_a4_': 1.9355238400473302}}	{'Hungary': 0.021292561298200386}	-580.188398898452	131.1282304428132
65000	65000	-162.376428617312	-(((_a3_ + (T / ((_a2_ + (((_a4_ + _a4_) + (_a2_ + P)) + _a0_)) ** _a0_))) / (((P ** _a2_) + ((_a2_ + ((_a0_ / (_a4_ / ((P / pow2(_a2_)) * _a0_))) + -(_a1_))) * pow2(T))) + (_a3_ * _a4_))))	{'Hungary': {'_a0_': -17.512283189702224, '_a1_': 7.2657069196676005, '_a2_': 7.273526665373976, '_a3_': -1.8897808332913283e-09, '_a4_': 1.7308130315158052}}	{'Hungary': 0.025035389273851637}	-562.861608777395	119.05437577138495
66000	66000	-163.914372678478	-(((_a3_ + (T / ((_a2_ + (((_a4_ + _a4_) + (_a2_ + P)) + _a0_)) ** _a0_))) / (((P ** _a2_) + ((_a2_ + ((_a0_ / (_a4_ / ((exp(P) / pow2(_a1_)) * _a0_))) + _a1_)) * pow2(T))) + (_a3_ * _a4_))))	{'Hungary': {'_a0_': -17.994085297653623, '_a1_': -9.505703637918975, '_a2_': 7.477724969085073, '_a3_': -1.0786605645882274e-09, '_a4_': 1.7641933813435853}}	{'Hungary': 0.023602700549109068}	-569.167039524024	120.66914708353318
81000	81000	-160.281266154694	-(((_a3_ + (T / ((_a2_ + ((_a2_ + (_a2_ + (_a3_ + P))) + _a0_)) ** _a1_))) / (((P ** _a2_) + ((_a0_ + ((_a0_ / (_a4_ / ((((P + _a2_) + _a3_) / (_a4_ ** _a2_)) * _a0_))) + _a2_)) * (T ** _a4_))) + (_a3_ * _a4_))))	{'Hungary': {'_a0_': -21.45472845465365, '_a1_': -17.267226835651787, '_a2_': 7.3148503682829285, '_a3_': -1.7841321377393284e-09, '_a4_': 1.931219901046116}}	{'Hungary': 0.020775466252845622}	-582.818993195015	131.12823044281316
84000	84000	-160.267309583546	-(((_a3_ + (T / ((_a2_ + ((_a2_ + (_a2_ + P)) + _a0_)) ** (_a2_ + _a1_)))) / (((P ** _a2_) + ((_a0_ + ((_a0_ / (_a4_ / ((((P + _a2_) + _a3_) / (_a4_ ** _a2_)) * _a0_))) + _a2_)) * (T ** _a4_))) + (_a3_ * _a4_))))	{'Hungary': {'_a0_': -21.445878691235738, '_a1_': -24.617160787931784, '_a2_': 7.312123285625964, '_a3_': -1.7787886353378038e-09, '_a4_': 1.9314596038048355}}	{'Hungary': 0.02078088666586324}	-582.791080052719	131.12823044281316
95000	95000	-158.10153821373	-(((_a3_ + (T / ((_a2_ + ((_a2_ + (_a2_ + P)) + _a0_)) ** (_a2_ / _a1_)))) / (((P ** _a2_) + ((_a0_ + ((_a0_ / (_a4_ / ((((P + _a2_) + T) / (_a4_ ** _a2_)) * _a0_))) + _a2_)) * (T ** _a4_))) + (_a3_ * _a4_))))	{'Hungary': {'_a0_': -21.438042367948686, '_a1_': -0.42210823205892556, '_a2_': 7.309634405440141, '_a3_': -1.7871775003869967e-09, '_a4_': 1.9316848499492292}}	{'Hungary': 0.02149411062426288}	-579.180330898188	131.4886272353635
87000	87000	-161.166640391427	-(((_a3_ + (T / ((_a2_ + ((_a2_ + (_a2_ + P)) + _a0_)) ** (_a4_ * _a1_)))) / (((P ** _a2_) + ((_a0_ + ((_a0_ / (_a4_ / ((((P + _a2_) + _a3_) / (_a4_ ** _a2_)) * _a0_))) + _a2_)) * (T ** _a4_))) + (_a3_ * _a4_))))	{'Hungary': {'_a0_': -21.453986349465836, '_a1_': -8.94269216295501, '_a2_': 7.314622196839779, '_a3_': -1.7836658217899577e-09, '_a4_': 1.9312399484168363}}	{'Hungary': 0.02077574372014762}	-582.817564163161	130.24214169015366
98000	98000	-162.559601645909	-(((_a3_ + (T / ((_a2_ + ((_a2_ + (_a2_ + P)) + _a0_)) ** _a1_))) / ((((P + T) ** _a2_) + ((_a0_ + ((_a0_ / (_a4_ / ((((P + _a2_) + _a3_) / (_a4_ ** _a2_)) * _a0_))) + _a2_)) * (T ** _a4_))) + (_a3_ * _a4_))))	{'Hungary': {'_a0_': -21.48495339825219, '_a1_': -17.55968788719095, '_a2_': 7.326814520941584, '_a3_': -1.7764746333944669e-09, '_a4_': 1.9301332578048334}}	{'Hungary': 0.019909302271737723}	-587.375664177445	131.12823044281325
79000	79000	-161.157133591099	-(((_a3_ + (T / ((_a2_ + ((_a2_ + (_a2_ + P)) + _a0_)) ** _a1_))) / (((P ** _a2_) + ((_a0_ + ((_a0_ / (_a4_ / ((((P + _a2_) + (_a0_ * _a3_)) / (_a4_ ** _a2_)) * _a0_))) + _a2_)) * (T ** _a4_))) + (_a3_ * _a4_))))	{'Hungary': {'_a0_': -21.447647236170415, '_a1_': -17.29748335211223, '_a2_': 7.312668335264995, '_a3_': -1.7798544489323098e-09, '_a4_': 1.931411684732054}}	{'Hungary': 0.020779435839714033}	-582.798550562506	130.24214169015366
91000	91000	-161.167354349673	-(((_a3_ + (T / ((_a2_ + ((_a2_ + (_a2_ + P)) + _a0_)) ** _a1_))) / (((P ** _a2_) + ((_a0_ + ((_a0_ / (_a4_ / ((((P + _a2_) + (_a3_ * _a1_)) / (_a4_ ** _a2_)) * _a0_))) + _a2_)) * (T ** _a4_))) + (_a3_ * _a4_))))	{'Hungary': {'_a0_': -21.45472788993123, '_a1_': -17.26723003619156, '_a2_': 7.314850199524357, '_a3_': -1.7841318248642267e-09, '_a4_': 1.9312199168591189}}	{'Hungary': 0.020775466469407797}	-582.818992079654	130.24214169015366
78000	78000	-165.596940178925	-(((_a3_ + (T / ((_a2_ + ((_a2_ + (_a2_ + P)) + _a0_)) ** _a1_))) / (((P ** _a2_) + ((_a0_ + ((_a0_ / (_a4_ / ((((P + _a2_) + _a3_) / (_a4_ ** _a2_)) * _a0_))) + _a2_)) * (T ** _a4_))) + (_a3_ * _a4_))))	{'Hungary': {'_a0_': -21.45472845465365, '_a1_': -17.267226835651787, '_a2_': 7.3148503682829285, '_a3_': -1.7841321377393284e-09, '_a4_': 1.931219901046116}}	{'Hungary': 0.020775466248064936}	-582.818993219637	125.81255643089315
90000	90000	-165.596940178925	-(((_a3_ + (T / ((_a2_ + ((_a2_ + (_a2_ + P)) + _a0_)) ** _a1_))) / (((P ** _a2_) + ((_a0_ + ((_a0_ / (_a4_ / ((((P + _a2_) + _a3_) / (_a4_ ** _a2_)) * _a0_))) + _a2_)) * (T ** _a4_))) + (_a3_ * _a4_))))	{'Hungary': {'_a0_': -21.45472845465365, '_a1_': -17.267226835651787, '_a2_': 7.3148503682829285, '_a3_': -1.7841321377393284e-09, '_a4_': 1.931219901046116}}	{'Hungary': 0.020775466248064936}	-582.818993219637	125.81255643089315
92000	92000	-165.596940178925	-(((_a3_ + (T / ((_a2_ + ((_a2_ + (_a2_ + P)) + _a0_)) ** _a1_))) / (((P ** _a2_) + ((_a0_ + ((_a0_ / (_a4_ / ((((P + _a2_) + _a3_) / (_a4_ ** _a2_)) * _a0_))) + _a2_)) * (T ** _a4_))) + (_a3_ * _a4_))))	{'Hungary': {'_a0_': -21.45472845465365, '_a1_': -17.267226835651787, '_a2_': 7.3148503682829285, '_a3_': -1.7841321377393284e-09, '_a4_': 1.931219901046116}}	{'Hungary': 0.020775466248064936}	-582.818993219637	125.81255643089315
88000	88000	-165.596940178925	-(((_a3_ + (T / ((_a2_ + ((_a2_ + (_a2_ + P)) + _a0_)) ** _a1_))) / (((P ** _a2_) + ((_a0_ + ((_a0_ / (_a4_ / ((((P + _a2_) + _a3_) / (_a4_ ** _a2_)) * _a0_))) + _a2_)) * (T ** _a4_))) + (_a3_ * _a4_))))	{'Hungary': {'_a0_': -21.45472845465365, '_a1_': -17.267226835651787, '_a2_': 7.3148503682829285, '_a3_': -1.7841321377393284e-09, '_a4_': 1.931219901046116}}	{'Hungary': 0.020775466248064936}	-582.818993219637	125.81255643089315
93000	93000	-165.596940178925	-(((_a3_ + (T / ((_a2_ + ((_a2_ + (_a2_ + P)) + _a0_)) ** _a1_))) / (((P ** _a2_) + ((_a0_ + ((_a0_ / (_a4_ / ((((P + _a2_) + _a3_) / (_a4_ ** _a2_)) * _a0_))) + _a2_)) * (T ** _a4_))) + (_a3_ * _a4_))))	{'Hungary': {'_a0_': -21.45472845465365, '_a1_': -17.267226835651787, '_a2_': 7.3148503682829285, '_a3_': -1.7841321377393284e-09, '_a4_': 1.931219901046116}}	{'Hungary': 0.020775466248064936}	-582.818993219637	125.81255643089315
82000	82000	-165.596940178925	-(((_a3_ + (T / ((_a2_ + ((_a2_ + (_a2_ + P)) + _a0_)) ** _a1_))) / (((P ** _a2_) + ((_a0_ + ((_a0_ / (_a4_ / ((((P + _a2_) + _a3_) / (_a4_ ** _a2_)) * _a0_))) + _a2_)) * (T ** _a4_))) + (_a3_ * _a4_))))	{'Hungary': {'_a0_': -21.45472845465365, '_a1_': -17.267226835651787, '_a2_': 7.3148503682829285, '_a3_': -1.7841321377393284e-09, '_a4_': 1.931219901046116}}	{'Hungary': 0.020775466248064936}	-582.818993219637	125.81255643089315
83000	83000	-165.596940178925	-(((_a3_ + (T / ((_a2_ + ((_a2_ + (_a2_ + P)) + _a0_)) ** _a1_))) / (((P ** _a2_) + ((_a0_ + ((_a0_ / (_a4_ / ((((P + _a2_) + _a3_) / (_a4_ ** _a2_)) * _a0_))) + _a2_)) * (T ** _a4_))) + (_a3_ * _a4_))))	{'Hungary': {'_a0_': -21.45472845465365, '_a1_': -17.267226835651787, '_a2_': 7.3148503682829285, '_a3_': -1.7841321377393284e-09, '_a4_': 1.931219901046116}}	{'Hungary': 0.020775466248064936}	-582.818993219637	125.81255643089315
80000	80000	-165.596940178925	-(((_a3_ + (T / ((_a2_ + ((_a2_ + (_a2_ + P)) + _a0_)) ** _a1_))) / (((P ** _a2_) + ((_a0_ + ((_a0_ / (_a4_ / ((((P + _a2_) + _a3_) / (_a4_ ** _a2_)) * _a0_))) + _a2_)) * (T ** _a4_))) + (_a3_ * _a4_))))	{'Hungary': {'_a0_': -21.45472845465365, '_a1_': -17.267226835651787, '_a2_': 7.3148503682829285, '_a3_': -1.7841321377393284e-09, '_a4_': 1.931219901046116}}	{'Hungary': 0.020775466248064936}	-582.818993219637	125.81255643089315
86000	86000	-165.596940178925	-(((_a3_ + (T / ((_a2_ + ((_a2_ + (_a2_ + P)) + _a0_)) ** _a1_))) / (((P ** _a2_) + ((_a0_ + ((_a0_ / (_a4_ / ((((P + _a2_) + _a3_) / (_a4_ ** _a2_)) * _a0_))) + _a2_)) * (T ** _a4_))) + (_a3_ * _a4_))))	{'Hungary': {'_a0_': -21.45472845465365, '_a1_': -17.267226835651787, '_a2_': 7.3148503682829285, '_a3_': -1.7841321377393284e-09, '_a4_': 1.931219901046116}}	{'Hungary': 0.020775466248064936}	-582.818993219637	125.81255643089315
100000	100000	-165.582846983302	-(((_a3_ + (T / ((_a2_ + ((_a2_ + (_a2_ + P)) + _a0_)) ** _a1_))) / (((P ** _a2_) + ((_a0_ + ((_a0_ / (_a4_ / ((((P + _a2_) + _a3_) / (_a4_ ** _a2_)) * _a0_))) + _a2_)) * (T ** _a4_))) + (_a3_ * _a4_))))	{'Hungary': {'_a0_': -21.44581802605151, '_a1_': -17.30529608667031, '_a2_': 7.3121045857321345, '_a3_': -1.778752218195436e-09, '_a4_': 1.9314612479572404}}	{'Hungary': 0.020780939729891666}	-582.790806828391	125.81255643089328
99000	99000	-165.582846983302	-(((_a3_ + (T / ((_a2_ + ((_a2_ + (_a2_ + P)) + _a0_)) ** _a1_))) / (((P ** _a2_) + ((_a0_ + ((_a0_ / (_a4_ / ((((P + _a2_) + _a3_) / (_a4_ ** _a2_)) * _a0_))) + _a2_)) * (T ** _a4_))) + (_a3_ * _a4_))))	{'Hungary': {'_a0_': -21.44581802605151, '_a1_': -17.30529608667031, '_a2_': 7.3121045857321345, '_a3_': -1.778752218195436e-09, '_a4_': 1.9314612479572404}}	{'Hungary': 0.020780939729891666}	-582.790806828391	125.81255643089324
48000	48000	-130.318852538597	-(((sqrt(-(_a4_)) + T) * _a0_))	{'Hungary': {'_a0_': 42.156570730169086, '_a4_': -2.4649427546363453e-05, '_a1_': 1.0, '_a2_': 1.0, '_a3_': 1.0}}	{'Hungary': 0.32123495475320696}	-303.828677751744	21.595486337274487
86000	86000	-118.912290343422	-((-((((_a1_ / _a0_) + (_a0_ * _a1_)) + T)) * _a3_))	{'Hungary': {'_a0_': 2.9418366927147126, '_a1_': 0.0015128477034303243, '_a3_': -42.15657205003389, '_a2_': 1.0, '_a4_': 1.0}}	{'Hungary': 0.3212349547967149}	-299.15584890279	30.66563410797324
45000	45000	-131.387851382092	-((T ** (pow2(T) + -(_a1_))))	{'Hungary': {'_a1_': -0.19671719615223274, '_a0_': 1.0, '_a2_': 1.0, '_a3_': 1.0, '_a4_': 1.0}}	{'Hungary': 0.32707409449390723}	-306.574015836885	21.899156536349917
76000	76000	-143.742174480246	-((T ** _a2_))	{'Hungary': {'_a2_': 0.19671903856512185, '_a0_': 1.0, '_a1_': 1.0, '_a3_': 1.0, '_a4_': 1.0}}	{'Hungary': 0.32707563140319773}	-306.573513048952	9.544582044229749
20000	20000	-143.742174480246	-((T ** _a4_))	{'Hungary': {'_a4_': 0.19671903856512185, '_a0_': 1.0, '_a1_': 1.0, '_a2_': 1.0, '_a3_': 1.0}}	{'Hungary': 0.32707563140319773}	-306.573513048952	9.544582044230005
62000	62000	-128.550356264747	-((_a3_ + ((T * (_a1_ * _a1_)) * _a0_)))	{'Hungary': {'_a0_': 45.21462255553345, '_a1_': 0.9655803863332494, '_a3_': 0.2092997427575956, '_a2_': 1.0, '_a4_': 1.0}}	{'Hungary': 0.32123495491133014}	-299.155848864612	21.02756816755941
93000	93000	-137.155276084171	-((_a3_ + (_a4_ ** T)))	{'Hungary': {'_a3_': -0.789587614911185, '_a4_': 2.3562864253848525e+17, '_a0_': 1.0, '_a1_': 1.0, '_a2_': 1.0}}	{'Hungary': 0.32136528850256996}	-303.785273748961	14.73736079030973
20000	20000	-125.693959531949	-((_a4_ + ((_a1_ + (T * _a4_)) * (_a1_ * T))))	{'Hungary': {'_a1_': 6.4925450081137965, '_a4_': 0.20930141034996644, '_a0_': 1.0, '_a2_': 1.0, '_a3_': 1.0}}	{'Hungary': 0.32123514947738724}	-303.828612891178	26.220346913639577
46000	46000	-132.65721613347	-((_a4_ + (_a2_ / log(T))))	{'Hungary': {'_a2_': -1.9755418841009036, '_a4_': -0.029183093417190165, '_a0_': 1.0, '_a1_': 1.0, '_a3_': 1.0}}	{'Hungary': 0.32265612029371565}	-303.356346434672	19.02095708386571
21000	21000	-133.254597791965	-((abs(T) ** -(_a0_)))	{'Hungary': {'_a0_': -0.1967190353698797, '_a1_': 1.0, '_a2_': 1.0, '_a3_': 1.0, '_a4_': 1.0}}	{'Hungary': 0.32707563140320245}	-306.573513048951	20.03215873251
83000	83000	-126.250229439926	-((log((_a1_ * (_a1_ + T))) * -(_a0_)))	{'Hungary': {'_a0_': -42.314834228814796, '_a1_': 1.002475869705205, '_a2_': 1.0, '_a3_': 1.0, '_a4_': 1.0}}	{'Hungary': 0.3212319512002946}	-303.829678208448	25.664609664297565
90000	90000	-115.37307914821	-(log((((_a3_ / -((T * _a4_))) ** (T / _a4_)) * _a4_)))	{'Hungary': {'_a3_': -1.3599865686500948e+20, '_a4_': 1.2318379394077679, '_a0_': 1.0, '_a1_': 1.0, '_a2_': 1.0}}	{'Hungary': 0.32117966053806646}	-303.847097261181	36.55046948238069
52000	52000	-144.043850490492	_a3_	{'Hungary': {'_a3_': -0.2589058388761405, '_a0_': 1.0, '_a1_': 1.0, '_a2_': 1.0, '_a4_': 1.0}}	{'Hungary': 0.388757607181683}	-288.087700980984	8.881784197001252e-16
26000	26000	-139.013518157656	cos(((_a2_ * T) + _a2_))	{'Hungary': {'_a2_': 39.485395338489276, '_a0_': 1.0, '_a1_': 1.0, '_a3_': 1.0, '_a4_': 1.0}}	{'Hungary': 0.3218330169579042}	-308.302483536801	15.137723610744338
65000	65000	-137.497336268053	log(((T * _a4_) + _a1_))	{'Hungary': {'_a1_': 0.810212899794797, '_a4_': -32.357357218958875, '_a0_': 1.0, '_a2_': 1.0, '_a3_': 1.0}}	{'Hungary': 0.3213710909972966}	-303.783341800014	14.394334631954134
47000	47000	-120.147558545312	log(pow2((T + ((_a4_ * (_a2_ + pow2(T))) * _a2_))))	{'Hungary': {'_a2_': -0.00013962362103137993, '_a4_': -45700262.370344676, '_a0_': 1.0, '_a1_': 1.0, '_a3_': 1.0}}	{'Hungary': 0.32709172391961683}	-301.89541981466	30.800151362017584
37000	37000	-113.429320451476	pow2(-((_a4_ * (((_a3_ + T) + (_a1_ * (T ** _a3_))) * _a4_))))	{'Hungary': {'_a1_': -144.2492304547562, '_a3_': 0.07928137259114239, '_a4_': 0.07805211467276987, '_a0_': 1.0, '_a2_': 1.0}}	{'Hungary': 0.32372009030697413}	-298.331261770331	35.736310433689454
86000	86000	-136.608997258387	pow2(-((pow2(T) ** _a3_)))	{'Hungary': {'_a3_': 0.04917975964783232, '_a0_': 1.0, '_a1_': 1.0, '_a2_': 1.0, '_a4_': 1.0}}	{'Hungary': 0.32707563140319784}	-306.573513048952	16.67775926608987
96000	96000	-135.559327888779	sin(((P + _a2_) + (((T ** (_a3_ * (sin(P) / _a1_))) ** (P + ((_a2_ / _a3_) / _a3_))) * (-(log(((T + _a4_) + (((((_a2_ * _a2_) * P) * _a2_) * (_a2_ * _a2_)) * _a0_)))) * ((_a1_ * (cos(_a1_) + T)) + _a0_)))))	{'Hungary': {'_a0_': -3.960064220523922e-26, '_a1_': 23.562498922104137, '_a2_': -48707.76880663724, '_a3_': 823.3775009660394, '_a4_': -0.00039695446636712816}}	{'Hungary': 0.028497834539901873}	-549.001073969436	138.94120909593923
85000	85000	-142.05615331895	sin(((P + _a3_) + (((T ** (_a3_ * (P / _a1_))) ** (P + ((_a2_ / _a3_) / _a3_))) * (-(log(((T + _a4_) + (((((_a2_ * _a2_) * P) * _a2_) * (_a2_ * _a2_)) * _a0_)))) * ((_a1_ * (cos(_a1_) + T)) + _a0_)))))	{'Hungary': {'_a0_': -3.974506357661021e-26, '_a1_': 23.56249795458652, '_a2_': -48707.90932538187, '_a3_': 822.5808832120593, '_a4_': -0.0003974708753377304}}	{'Hungary': 0.0284830482270056}	-549.056606121224	132.47214974166218
49000	49000	-137.368813261388	sin((-(T) ** _a3_))	{'Hungary': {'_a3_': 0.1949370426749605, '_a0_': 1.0, '_a1_': 1.0, '_a2_': 1.0, '_a4_': 1.0}}	{'Hungary': 0.326207173432464}	-306.857999513071	16.060186495148063
