strata,patch,time,R_eff
1,1,1,3.3333018169093998
2,1,1,5.253289617887926
3,1,1,2.606876501110844
1,2,1,3.3333572716364936
2,2,1,5.253253357894006
3,2,1,2.6069082981639826
1,3,1,3.3333461769963106
2,3,1,5.253264229434036
3,3,1,2.606887383153003
1,4,1,3.333363909005688
2,4,1,5.253261946517525
3,4,1,2.6069133483361684
1,5,1,3.333307108639647
2,5,1,5.253226781890388
3,5,1,2.6068778708442326
1,1,2,3.3332607954196862
2,1,2,5.253241356728494
3,1,2,2.606850838499033
1,2,2,3.33332656820317
2,2,2,5.253199068925932
3,2,2,2.606887232218348
1,3,2,3.333313556301121
2,3,2,5.253211624468324
3,3,2,2.606864933790169
1,4,2,3.333335053258196
2,4,2,5.253209361046154
3,4,2,2.6068935581422656
1,5,2,3.333266963767403
2,5,2,5.253168883505699
3,5,2,2.6068521890644782
1,1,3,3.33320902387565
2,1,3,5.253179247490515
3,1,3,2.6068185222680205
1,2,3,3.333286461961105
2,2,3,5.253130115198784
3,2,3,2.606859970714198
1,3,3,3.3332713370910385
2,3,3,5.2531445640523
3,3,3,2.606836291414295
1,4,3,3.333297215987559
2,4,3,5.2531423783567615
3,4,3,2.606867820687594
1,5,3,3.3332161558965976
2,5,3,5.253095933537658
3,5,3,2.606819823554616
1,1,4,3.33314345246631
2,1,4,5.253099226632744
3,1,4,2.6067776483072276
1,2,4,3.3332341520685502
2,2,4,5.253042267696652
3,2,4,2.606824700424526
1,3,4,3.3332166947269415
2,3,4,5.253058862353287
3,3,4,2.606799647631371
1,4,4,3.3332476898760035
2,4,4,5.253056824732179
3,4,4,2.6068343740267883
1,5,4,3.3331516490592703
2,5,4,5.253003625586878
3,5,4,2.6067788640110368
1,1,5,3.333060311247966
2,1,5,5.252996211460679
3,1,5,2.6067258559846964
1,2,5,3.3331661154367804
2,2,5,5.252930267252868
3,2,5,2.6067791529622317
1,3,5,3.333146081971312
2,3,5,5.252949304567732
3,3,5,2.6067527298200455
1,4,5,3.33318305673203
2,4,5,5.252947500513355
3,4,5,2.60679100644546
1,5,5,3.333069686002344
2,5,5,5.252886621751011
3,5,5,2.606726943709068
1,1,6,3.3329548626472327
2,1,6,5.252863763233476
3,1,6,2.6066601762504757
1,2,6,3.333077873846455
2,2,6,5.252787483022597
3,2,6,2.606720454776774
1,3,6,3.333054997665424
2,3,6,5.2528093071729955
3,3,6,2.606692658272745
1,4,6,3.3330989582789874
2,4,6,5.252807840444932
3,4,6,2.6067349081367883
1,5,6,3.332965541612637
2,5,6,5.252738208536043
3,5,6,2.606661086943682
1,1,7,3.3328211049312717
2,1,7,5.252693675518609
3,1,7,2.6065768448530147
1,2,7,3.3329637090963122
2,2,7,5.252605493673504
3,2,7,2.6066449439317094
1,3,7,3.3329377016027206
2,3,7,5.252630501083013
3,3,7,2.606615765880126
1,4,7,3.33298981590371
2,4,7,5.252629497486522
3,4,7,2.6066624904914293
1,5,7,3.332833226960376
2,5,7,5.252549874977851
3,5,7,2.6065775216901588
1,1,8,3.3326514168108448
2,1,8,5.252475474450614
3,1,8,2.6064710767427144
1,2,8,3.3328163157583357
2,2,8,5.252373580771851
3,2,8,2.60654794781487
1,3,8,3.3327868669233394
2,3,8,5.252402226723949
3,3,8,2.6065173768396552
1,4,8,3.33284848790635
2,4,8,5.252401838699901
3,4,8,2.6065691662982777
1,5,8,3.332665134177095
2,5,8,5.252310803394717
3,5,8,2.6064714535881057
1,1,9,3.332436117689382
2,1,9,5.252195796653793
3,1,9,2.6063367866358154
1,2,9,3.332626367963683
2,2,9,5.252078100300956
3,2,9,2.6064235065448975
1,3,9,3.3325931467283705
2,3,9,5.252110907037641
3,3,9,2.606391530315612
1,4,9,3.332665840753761
2,4,9,5.252111319113351
3,4,9,2.606449075557813
1,5,9,3.332451596861227
2,5,9,5.2520072386184715
3,5,9,2.606336786176132
1,1,10,3.3321629149307856
2,1,10,5.251837603971181
3,1,10,2.6061662374135146
1,2,10,3.332381972527429
2,2,10,5.251701691133059
3,2,10,2.606264023825807
1,3,10,3.3323446272741224
2,3,10,5.251739257344635
3,3,10,2.606230631370827
1,4,10,3.3324302069345633
2,4,10,5.251740692526494
3,4,10,2.606294738808579
1,5,10,3.3321803374335577
2,5,10,5.251621694395667
3,5,10,2.6061657689883133
1,1,11,3.331816206357965
2,1,11,5.251379188529771
3,1,11,2.6059495954706673
1,2,11,3.332067977086085
2,2,11,5.251222273615709
3,2,11,2.6060598245226063
1,3,11,3.3320261364219927
2,3,11,5.251265285325842
3,3,11,2.6060250086869643
1,4,11,3.332126698327106
2,4,11,5.251268012564414
3,4,11,2.6060966173954037
1,5,11,3.331835769665118
2,5,11,5.251131949994675
3,5,11,2.6059485525796267
1,1,12,3.331376200951669
2,1,12,5.250792913248992
3,1,12,2.6056743684095607
1,2,12,3.3316650964443846
2,2,12,5.250611783104752
3,2,12,2.605798594498514
1,3,12,3.3316183705290006
2,3,12,5.250661026023263
3,3,12,2.6057623546959543
1,4,12,3.331736338413574
2,4,12,5.250665368917524
3,4,12,2.605842556327271
1,5,12,3.331398119349902
2,5,12,5.250509781754357
3,5,12,2.6056726258489786
1,1,13,3.330817813509529
2,1,13,5.250043621212484
3,1,13,2.605324695306608
1,2,13,3.331148812943397
2,2,13,5.249834571712708
3,2,13,2.605464673031127
1,3,13,3.3310967955841875
2,3,13,5.24989094516421
3,3,13,2.6054270184536894
1,4,13,3.3312349691989485
2,4,13,5.249897292092071
3,4,13,2.6055170801007925
1,5,13,3.3308423188810328
2,5,13,5.249719362790949
3,5,13,2.6053221058753517
1,1,14,3.3301092804201775
2,1,14,5.24908663281734
3,1,14,2.604880453315771
1,2,14,3.3304879979015576
2,2,14,5.248845397150438
3,2,14,2.605038161597913
1,3,14,3.3304302696468957
2,3,14,5.248909929693208
3,3,14,2.604999115038449
1,4,14,3.330591879853959
2,4,14,5.248918745563969
3,4,14,2.6051005052992955
1,5,14,3.3301366228790257
2,5,14,5.248715249735102
3,5,14,2.6048768440268035
1,1,15,3.3292104344304305
2,1,15,5.247865232889789
3,1,15,2.6043161368530314
1,2,15,3.3296431917497027
2,2,15,5.247586900923464
3,2,15,2.6044938052432216
1,3,15,3.329579324222904
2,3,15,5.247660767752236
3,3,15,2.6044534076761616
1,4,15,3.3297680945850106
2,4,15,5.247672607574025
3,4,15,2.6045678261653054
1,5,15,3.329240882738511
2,5,15,5.247439858799342
3,5,15,2.6043113045876294
1,1,16,3.3280705673526145
2,1,16,5.246307531811937
3,1,16,2.6035994573612693
1,2,16,3.3285644713799174
2,2,16,5.245986460120024
3,2,16,2.603799594438007
1,3,16,3.328494033118751
2,3,16,5.246071002297441
3,3,16,2.6037579104958866
1,4,16,3.328714248020266
2,4,16,5.246086526735842
3,4,16,2.603887321003724
1,5,16,3.328104409024093
2,5,16,5.245820315498247
3,5,16,2.6035931639080054
1,1,17,3.3266258027024023
2,1,17,5.244322566493289
3,1,17,2.602689603244703
1,2,17,3.327188826065977
2,2,17,5.243952278969262
3,2,17,2.602915026873158
1,3,17,3.327111390151145
2,3,17,5.244049024447359
3,3,17,2.6028721513491795
1,4,17,3.327367969081444
2,4,17,5.244069017513203
3,4,17,2.603018818748699
1,5,17,3.3266633436848805
2,5,17,5.243764544338612
3,5,17,2.6026815696756147
1,1,18,3.3247958979000978
2,1,18,5.241795491115414
3,1,18,2.6015350919775577
1,2,18,3.3254369607032994
2,2,18,5.241368570646981
3,2,18,2.6017889609721143
1,3,18,3.325352114467927
2,3,18,5.241479256911785
3,3,18,2.6017450264669977
1,4,18,3.325650691482192
2,4,18,5.241504645846091
3,4,18,2.601911557294784
1,5,18,3.3248374616967475
2,5,18,5.241156449162172
3,5,18,2.601524992332163
1,1,19,3.322480401936198
2,1,19,5.238581697891688
3,1,19,2.600071141280597
1,2,19,3.3232094510815258
2,2,19,5.238089670390609
3,2,19,2.600356987710765
1,3,19,3.323116808180363
2,3,19,5.23821626837642
3,3,19,2.6003121735191885
1,4,19,3.3234638146695143
2,4,19,5.238248145685434
3,4,19,2.6005015598882752
1,5,19,3.3225263280078057
2,5,19,5.237850025490513
3,5,19,2.6000585955583464
1,1,20,3.3195541150358436
2,1,20,5.234499710571817
3,1,20,2.5982164861515553
1,2,20,3.3203821961995033
2,2,20,5.233932923818486
3,2,20,2.5985382471211054
1,3,20,3.3202814112672576
2,3,20,5.234077662478776
3,3,20,2.5984927894115635
1,4,20,3.3206841589623646
2,4,20,5.234117309896487
3,4,20,2.598708455521535
1,5,20,3.319604756297936
2,5,20,5.233662249155648
3,5,20,2.5982010526592942
1,1,21,3.3158618392906423
2,1,21,5.229322716377325
3,1,21,2.595869576989015
1,2,21,3.3168011547391965
2,2,21,5.228670217717812
3,2,21,2.596231624190579
1,3,21,3.3166919407661757
2,3,21,5.22883560829404
3,3,21,2.596185827465184
1,4,21,3.317158700345349
2,4,21,5.228884522198559
3,4,21,2.596431677433261
1,5,21,3.3159175585033402
2,5,21,5.2283646089830675
3,5,21,2.595850744156973
1,1,22,3.311212481741556
2,1,22,5.222768655790725
3,1,22,2.5929041155487553
1,2,22,3.3122764251038848
2,2,22,5.22201807474952
3,2,22,2.593311280247784
1,3,22,3.3121585734893535
2,3,22,5.222206933342233
3,3,22,2.593265529968591
1,4,22,3.312698642285637
2,4,22,5.222266850815256
3,4,22,2.5935459949973962
1,5,22,3.3112736465852883
2,5,22,5.22167320559402
3,5,22,2.592881293420247
1,1,23,3.3053726806783086
2,1,23,5.214488884846039
3,1,23,2.5891639247957543
1,2,23,3.306575837732773
2,2,23,5.213626329153355
3,2,23,2.5896215151480932
1,3,23,3.306449240734677
2,3,23,5.213841795681843
3,3,23,2.589576291280598
1,4,23,3.3070729910256187
2,4,23,5.213914719978575
3,4,23,2.5898963733096823
1,5,23,3.305439657325674
2,5,23,5.213237434124491
3,5,23,2.5891364365140803
1,1,24,3.298060272078134
2,1,24,5.204055568602665
3,1,24,2.584457209403473
1,2,24,3.299418375048831
2,2,24,5.203065544822741
3,2,24,2.584971016213693
1,3,24,3.2992830500446373
2,3,24,5.203311095895897
3,3,24,2.584926907269227
1,4,24,3.3000019475951534
2,4,24,5.203399319608802
3,4,24,2.585292215274032
1,5,24,3.298133417119915
2,5,24,5.202627412985277
3,5,24,2.5844242831612214
1,1,25,3.2889380816645084
2,1,25,5.190948154768248
3,1,25,2.5785503453181935
1,2,25,3.2904679041362366
2,2,25,5.189813527338858
3,2,25,2.579126631596776
1,3,25,3.290324018788194
2,3,25,5.190092980018377
3,3,25,2.5790843485674118
1,4,25,3.2911506003169277
2,4,25,5.190199103724553
3,4,25,2.579501122672128
1,5,25,3.2890177323321232
2,5,25,5.189320510950556
3,5,25,2.5785111073889913
1,1,26,3.2776086803259603
2,1,26,5.174539492351468
3,1,26,2.571161431664417
1,2,26,3.2793278615143824
2,2,26,5.173241496946122
3,2,26,2.5718069007711026
1,3,26,3.2791757586829715
2,3,26,5.1735589999599245
3,3,26,2.5717672901685993
1,4,26,3.28012355752737
2,4,26,5.173685943721312
3,4,26,2.5722424078831096
1,5,26,3.277695143070248
2,5,26,5.172687540068528
3,5,26,2.571114901286536
1,1,27,3.263610808027085
2,1,27,5.154082357817348
3,1,27,2.561953928685949
1,2,27,3.265537599428497
2,2,27,5.152600686054704
3,2,27,2.5626756655792464
1,3,27,3.2653778206289275
2,3,27,5.152960694808
3,3,27,2.5626397206456986
1,4,27,3.266461232858621
2,4,27,5.153111699635073
3,4,27,2.5631806789905927
1,5,27,3.2637043456450807
2,5,27,5.151979378182545
3,5,27,2.561899015687171
1,1,28,3.2464180654307695
2,1,28,5.12869727043455
3,1,28,2.5505307664084884
1,2,28,3.2485709997022014
2,2,28,5.127010242909448
3,2,28,2.55133614659951
1,3,28,3.2484043061756105
2,3,28,5.127417474675283
3,3,28,2.5513050156725834
1,4,28,3.2496383949535264
2,4,28,5.12759609101068
3,4,28,2.5519198828063363
1,5,28,3.24651888303809
2,5,28,5.126314902566274
3,5,28,2.55046627253413
1,1,29,3.225440125209326
2,1,29,5.097362474808513
3,1,29,2.5364293203368846
1,2,29,3.2278376148665657
2,2,29,5.095447318730619
3,2,29,2.537325881429013
1,3,29,3.2276650059693366
2,3,29,5.095906684568677
3,3,29,2.537300872400258
1,4,29,3.2290652489975966
2,4,29,5.096116744909699
3,4,29,2.537998202471963
1,5,29,3.2255483553819
2,5,29,5.094671111667634
3,5,29,2.536353945273505
1,1,30,3.2000261529286393
2,1,30,5.058906870794764
3,1,30,2.5191176214160187
1,2,30,3.202686031600181
2,2,30,5.05674011865055
3,2,30,2.520112892231409
1,3,30,3.202508761017802
2,3,30,5.057256628602628
3,3,30,2.5200954719483906
1,4,30,3.2040907515129584
2,4,30,5.057502201290003
3,4,30,2.5208841768102848
1,5,30,3.2001418402382664
2,5,30,5.055876215198968
3,5,30,2.519029974538939
1,1,31,3.169469546993753
2,1,31,5.012006636748317
3,1,31,2.497992158717926
1,2,31,3.172408564004832
2,2,31,5.009564665319854
3,2,31,2.4990934404944514
1,3,31,3.172228154822292
2,3,31,5.010143302869274
3,3,31,2.4990852276874436
1,4,31,3.1740072663606154
2,4,31,5.010428623432286
3,4,31,2.4999743981406555
1,5,31,3.169592631941407
2,5,31,5.008606442079156
3,5,31,2.497890777716393
1,1,32,3.1330128722143034
2,1,32,4.955186594927651
3,1,32,2.47237775582305
1,2,32,3.1362461391944723
2,2,32,4.952446330806142
3,2,32,2.4735918485950377
1,3,32,3.1360643985247347
2,3,32,4.953091891264925
3,3,32,2.4735945983383103
1,4,32,3.138055414769972
2,4,32,4.953421266270135
3,4,32,2.4745932652971736
1,5,32,3.133143174309978
2,5,32,4.951387623400645
3,5,32,2.4722611336530997
1,1,33,3.0898523414818686
2,1,33,4.8868282557175355
3,1,33,2.4415303623212767
1,2,33,3.0933927093681635
2,2,33,4.8837680825243925
3,2,33,2.4428632278808156
1,3,33,3.093211741695453
2,3,33,4.884484968291233
3,3,33,2.4428788047503582
1,4,33,3.0954284339436566
2,4,33,4.884862644622188
3,4,33,2.4439956274829107
1,5,33,3.089989541093851
2,5,33,4.882603498054455
3,5,33,2.441396984400805
1,1,34,3.039142484862054
2,1,34,4.805187943535082
3,1,34,2.404644210189825
1,2,34,3.042999809255825
2,2,34,4.801788852286946
3,2,34,2.406100562380399
1,3,34,3.042822025115557
2,3,34,4.802580816881169
3,3,34,2.4061308985891707
1,4,34,3.045276640098259
2,4,34,4.803010807673504
3,4,34,2.407373764602999
1,5,34,3.039286103631021
2,5,34,4.800514150831063
3,5,34,2.404492604233946
1,1,35,2.980003356202336
2,1,35,4.708430057387621
3,1,35,2.3608654942763745
1,2,35,2.9841835998136217
2,2,35,4.704677077797431
3,2,35,2.362448309709162
1,3,35,2.9840117137267974
2,3,35,4.705546911672525
3,3,35,2.36249534399605
1,4,35,2.9867143212225233
2,4,35,4.7060327700288225
3,4,35,2.363870865542521
1,5,35,2.980152736360366
2,5,35,4.703289629938894
3,5,35,2.360694295393618
1,1,36,2.911534067108696
2,1,36,4.594681708362118
3,1,36,2.3093152886271304
1,2,36,2.916038197864419
2,2,36,4.590565639760077
3,2,36,2.311025237772452
1,3,36,2.915875207526368
2,3,36,4.5915147952771935
3,3,36,2.3110908310849396
1,4,36,2.918832859972951
2,4,36,4.59205932945996
3,4,36,2.3126037287381
1,5,36,2.9116883508839644
2,5,36,4.589064960154706
3,5,36,2.3091233219507794
1,1,37,2.8328370370969655
2,1,37,4.462115142687702
3,1,37,2.2491245643365603
1,2,37,2.8376597092718847
2,2,37,4.457634566792486
3,2,37,2.2509593748502787
1,3,37,2.8375088473730634
2,3,37,4.458662727748147
3,3,37,2.2510452001271886
1,4,37,2.8407245229921614
2,4,37,4.459267657224662
3,4,37,2.252697575442316
1,5,37,2.8329951483438975
2,5,37,4.4560229119055315
3,5,37,2.2489109463304344
1,1,38,2.743057010892155
2,1,38,4.309063234614816
3,1,38,2.179483794631438
1,2,38,2.7481850579497173
2,2,38,4.304226739806178
3,2,38,2.1814375752977866
1,3,38,2.748049708595869
2,3,38,4.3053313522576095
3,3,38,2.18154498101722
1,4,38,2.7515210407271065
2,4,38,4.305996912648151
3,4,38,2.183335497824082
1,5,38,2.7432176419939753
2,5,38,4.302509741702265
3,5,38,2.1792480521872135
1,1,39,2.6414379110152932
2,1,39,4.134170835177574
3,1,39,2.0997086577045807
1,2,39,2.646848726276898
2,2,39,4.128999315353956
3,2,39,2.1017712316270356
1,3,39,2.6467322994937215
2,3,39,4.130175110649521
3,3,39,2.1019010822996584
1,4,39,2.6504501325114314
2,4,39,4.130899627100767
3,4,39,2.103824099249916
1,5,39,2.641599518869628
2,5,39,4.127186603745848
3,5,39,2.0994508612156
1,1,40,2.5273992418379128
2,1,40,3.9365807268191344
3,1,40,2.009321690922982
1,2,40,2.5330591747015783
2,2,40,3.931109539719192
3,2,40,2.0114780094139104
1,3,40,2.5329649349870045
2,3,40,3.9323480970189926
3,3,40,2.0116305109581916
1,4,40,2.5369117899158184
2,4,40,3.933127559609577
3,4,40,2.0136752358800405
1,5,40,2.527560057315327
2,5,40,3.9292152824663615
3,5,40,2.0090425936942182
1,1,41,2.400631976900912
2,1,41,3.7161470162922043
3,1,41,1.9081472580189935
1,2,41,2.4064949298638827
2,2,41,3.7104277010574482
3,2,41,1.9103769900711145
1,3,41,2.4064257787280594
2,3,41,3.7117171140899217
3,3,41,1.9105515139920723
1,4,41,2.41057436192978
2,4,41,3.7125448050271763
3,4,41,1.9127012819725273
1,5,41,2.400790032478628
2,5,41,3.708470970828528
3,5,41,1.9078484297630651
1,1,42,2.2612112290528725
2,1,42,3.4736606855766703
3,1,42,1.7964137203901414
1,2,42,2.2672177049184246
2,2,42,3.4677618583611545
3,2,42,1.798691132945562
1,3,42,2.2671759236705857
2,3,42,3.4690865872555454
3,3,42,1.7988860600931065
1,4,42,2.271487872155977
2,4,42,3.469952826173354
3,4,42,1.8011178685095413
1,5,42,2.2613644091665104
2,5,42,3.4657667139150705
3,5,42,1.7960976575112788
1,1,43,2.109718982768206
2,1,43,3.211061860360058
3,1,43,1.674852292757014
1,2,43,2.115795896221776
2,2,43,3.205068850785245
3,2,43,1.6771465479292529
1,3,43,2.1157828646336383
2,3,43,3.206409850083927
3,3,43,1.6773591593487025
1,4,43,2.12020798909051
2,4,43,3.2073019371886393
3,4,43,1.6796436174629104
1,5,43,2.10986510044098
2,5,43,3.203064011597794
3,5,43,1.6745224834069086
1,1,44,1.9473644175768974
2,1,44,2.931602270889659
3,1,44,1.544777146794227
1,2,44,1.9534260340306437
2,2,44,2.9256150629773456
3,2,44,1.5470531347415968
1,3,44,1.9534419529367402
2,3,44,2.9269502746987404
3,3,44,1.5472795819155154
1,4,44,1.9579183025291058
2,4,44,2.92785271610022
3,4,44,1.5495814392959166
1,5,44,1.9475013186293277
2,5,44,2.923633064771092
3,5,44,1.5444380656325145
1,1,45,1.776082106849777
2,1,45,2.639911944589358
3,1,45,1.4081269446992362
1,2,45,1.7820324741025195
2,2,45,2.6340410833470354
3,2,45,1.4103467344128349
1,3,45,1.7820761340968967
2,3,45,2.635346361092506
3,3,45,1.4105821213339964
1,4,45,1.7865312409007672
2,4,45,2.6362414488043684
3,4,45,1.4128615141906997
1,5,45,1.7762077990544554
2,5,45,2.6321168399940125
3,5,45,1.4077839528195875
1,1,46,1.598580914479318
2,1,46,2.341920641815328
3,1,46,1.2674459037190426
1,2,46,1.6043180675392654
2,2,46,2.3362809987224584
3,2,46,1.2695708194477011
1,3,46,1.6043867181552767
2,3,46,2.337531477845423
3,3,46,1.2698094212874824
1,4,46,1.6087403457998608
2,4,46,2.3384002608098213
3,4,46,1.272023904482687
1,5,46,1.598693713285227
2,5,46,2.334449771834571
3,5,46,1.2671050355275775
1,1,47,1.4183115065292025
2,1,47,2.044592460038071
3,1,47,1.1257850653581807
1,2,47,1.423733508582987
2,2,47,2.039295133781324
3,2,47,1.1277782814363864
1,3,47,1.4238228866323281
2,3,47,2.0404669808459532
3,3,47,1.128013906479246
1,4,47,1.4279914616878269
2,4,47,2.0412905983083296
3,4,47,1.1301212132843905
1,5,47,1.418410181968297
2,5,47,2.0375900267414764
3,5,47,1.1254526981344983
1,1,48,1.2393223861983163
2,1,48,1.7554565967942803
3,1,48,0.9865139815760653
1,2,48,1.2443348944916517
2,2,48,1.7505997275207457
3,2,48,0.9883433846665133
1,3,48,1.244439458850454
2,3,48,1.751672097271566
3,3,48,0.9885698574295284
1,4,48,1.2483420691732265
2,4,48,1.7524333556971174
3,4,48,0.9905311562906428
1,5,48,1.239406288852727
2,5,48,1.749048962963469
3,5,48,0.9861964052317513
1,1,49,1.065988154311615
2,1,49,1.4819602035175754
3,1,49,0.8530505216684103
1,2,49,1.070512699223654
2,2,49,1.4776199928124452
3,2,49,0.8546914485334642
1,3,49,1.0706260859789196
2,3,49,1.4785769156526465
3,3,49,0.854903156846736
1,4,49,1.074191494652293
2,4,49,1.4792618927603103
3,4,49,0.8566863868730058
1,5,49,1.0660572944363231
2,5,49,1.4762443684124238
3,5,49,0.8527534530162275
1,1,50,0.9026220294054854
2,1,50,1.230724662164557
3,1,50,0.7285398625712032
1,2,50,0.9066036903926926
2,2,50,1.2269482322129501
3,2,50,0.7299772347354264
1,3,50,0.9067193475411723
2,3,50,1.227780088357764
3,3,50,0.7301696520501544
1,4,50,0.9098929826940867
2,4,50,1.2283794758524034
3,4,50,0.731752377224738
1,5,50,0.9026770856934769
2,5,50,1.2257592264234154
3,5,50,0.7282679734093772
1,1,51,0.7530239416194271
2,1,51,1.0068380525390548
3,1,51,0.615536492084715
1,2,51,0.7564368126613047
2,2,51,1.00363973050163
3,2,51,0.6167658935321723
1,3,51,0.7565487106839158
2,3,51,1.0043439826564098
3,3,51,0.6169359740296947
1,4,51,0.7592982364129228
2,4,51,1.0048538739271073
3,4,51,0.6183071759664627
1,5,51,0.7530661869067242
2,5,51,1.0026386903485431
3,5,51,0.615293033586568
1,1,52,0.6200527346444523
2,1,52,0.8133395306171262
3,1,52,0.5157551519031714
1,2,52,0.6229017376531834
2,2,52,0.8107015687294068
3,2,52,0.5167825670101074
1,3,52,0.6230050073113872
2,3,52,0.8112825505669569
3,3,52,0.5169289276482529
1,4,52,0.6253230941466612
2,4,52,0.8117044704021859
3,4,52,0.5180893145626786
1,5,52,0.6200838842218516
2,5,52,0.8098802244312895
3,5,52,0.5155417496215307
1,1,53,0.5053261529103601
2,1,53,0.6510239448416593
3,1,53,0.42994854805052485
1,2,53,0.5076444975657783
2,2,53,0.6489016516466275
3,2,53,0.43078877281983396
1,3,53,0.5077358475893564
2,3,53,0.6493694282585225
3,3,53,0.43091162520571863
1,4,53,0.5096392938252807
2,4,53,0.6497095808832285
3,4,53,0.4318723624986932
1,5,53,0.5053481617644878
2,5,53,0.648243896119653
3,5,53,0.4297652090026405
1,1,54,0.4091290193464146
2,1,54,0.5186144317002913
3,1,54,0.35793904414640904
1,2,54,0.4109717579613885
2,2,54,0.5169445283902255
3,2,54,0.3586131132806781
1,3,54,0.4110495843186965
2,3,54,0.5173130868039592
3,3,54,0.35871397469401906
1,4,54,0.4125749029599973
2,4,54,0.5175810087527662
3,4,54,0.35949414214462067
1,5,54,0.409143869212886
2,5,54,0.5164290731638649
3,5,54,0.3577843676720063
1,1,55,0.3305499731298293
2,1,55,0.41324363756959637
3,1,55,0.29878802555082906
1,2,55,0.3319852057626941
2,2,55,0.4119538471602988
3,2,55,0.2993202308488597
1,3,55,0.3320494007035317
2,3,55,0.4122390402090194
3,3,55,0.2994015008812412
1,4,55,0.33324600929049625
2,4,55,0.4124459976990641
3,4,55,0.3000248947381775
1,5,55,0.33055949154601566
2,5,55,0.4115571542546209
3,5,55,0.2986595607192962
1,1,56,0.2677953065294675
2,1,56,0.33109797741740576
3,1,56,0.25104887698220046
1,2,56,0.2688951391862588
2,2,56,0.330115761779098
3,2,56,0.25146399021241206
1,3,56,0.2689466972221102
2,3,56,0.33033344409573395
3,3,56,0.2515285026885823
1,4,56,0.2698694532082833
2,4,56,0.33049094200786344
3,4,56,0.2520204946445223
1,5,56,0.2678010470493785
2,5,56,0.32981464732835375
3,5,56,0.25094354061972546
1,1,57,0.21857999990085314
2,1,57,0.26805374284571787
3,1,57,0.2130344859509642
1,2,57,0.21941310909463085
2,2,57,0.26731271884760227
3,2,57,0.21335563771270433
1,3,57,0.21945366729463422
2,3,57,0.2674773820139365
3,3,57,0.21340628025030994
1,4,57,0.22015640940073075
2,4,57,0.2675960500544134
3,4,57,0.21379129570068262
1,5,57,0.2185831916024541
2,5,57,0.2670862187211666
3,5,57,0.2129489565866426
1,1,58,0.18049241321908188
2,1,58,0.22017417033089343
3,1,58,0.1830419055497316
1,2,58,0.18111922714005044
2,2,58,0.21961769838375061
3,2,58,0.1832893036991504
1,3,58,0.18115065850784084
2,3,58,0.2197417095268217
3,3,58,0.1833287541927749
1,4,58,0.1816817647419867
2,4,58,0.21983066398373113
3,4,58,0.18362863794773435
1,5,58,0.18049396838250115
2,5,58,0.2194480708943153
3,5,58,0.1829729345450859
1,1,59,0.15126403315204318
2,1,59,0.1840121730142791
3,1,59,0.1595047922280485
1,2,59,0.15173458199336287
2,2,59,0.18359445482143857
3,2,59,0.15969521538872034
1,3,59,0.15175870642852723
2,3,59,0.18368782581100387
3,3,59,0.1597257998852401
1,4,59,0.15215886054578098
2,4,59,0.18375445612763266
3,4,59,0.15995904705468372
1,5,59,0.1512645916358849
2,5,59,0.18346743876711757
3,5,59,0.15944940878798627
1,1,60,0.12892376394443633
2,1,60,0.1567328527521823
3,1,60,0.14107243052680238
1,2,60,0.12927759393378216
2,2,60,0.15641831959466881
3,2,60,0.14121928746867965
1,3,60,0.1292960156895288
2,3,60,0.1564888406870394
3,3,60,0.14124293470446952
1,4,60,0.1295977663489475
2,4,60,0.15653889015761416
3,4,60,0.1414245827693908
1,5,60,0.1289237524153081
2,5,60,0.15632288994851257
3,5,60,0.14102804712675113
1,1,61,0.11185326409569867
2,1,61,0.13610798015762285
3,1,61,0.12663169954341522
1,2,61,0.11212058792699446
2,2,61,0.1358697943030702
3,2,61,0.12674541441653817
1,3,61,0.11213463371153375
2,3,61,0.1359233574231996
3,3,61,0.1267636725333056
1,4,61,0.1123630868757
2,4,61,0.13596115829986374
3,4,61,0.1269055982577929
1,5,61,0.11185295420721353
2,5,61,0.13579766435568336
3,5,61,0.12659614100508032
1,1,62,0.09877607218137947
2,1,62,0.12044048266460702
3,1,62,0.1152934730011777
1,2,62,0.09897943411146662
2,2,62,0.12025877791979986
3,2,62,0.11538200014041293
1,3,62,0.09899015517822468
2,3,62,0.12029975623087905
3,3,62,0.11539608491598263
1,4,62,0.09916419037595328
2,4,62,0.1203285124656457
3,4,62,0.11550748642746177
1,5,62,0.09877562929916468
2,5,62,0.12020383488085852
3,5,62,0.1152649565123484
1,1,63,0.08871252944226188
2,1,63,0.10846392713613243
3,1,63,0.10636189518828557
1,2,63,0.08886850521730075
2,2,63,0.10832415898542887
3,2,63,0.1064312365460533
1,3,63,0.08887671153656976
2,3,63,0.108355763477357
3,3,63,0.106442089774617
1,4,63,0.08901029869668972
2,4,63,0.10837781779998326
3,4,63,0.1065300052986102
1,5,63,0.08871204944747017
2,5,63,0.10828194233059535
3,5,63,0.1063389846982227
1,1,64,0.08092364583321453
2,1,64,0.09924407804318276
3,1,64,0.09929895097231174
1,2,64,0.08104433131646686
2,2,64,0.09913564565189545
3,2,64,0.09935361143032842
1,3,64,0.0810506362857319
2,3,64,0.09916022372400059
3,3,64,0.09936195724154198
1,4,64,0.08115402367813611
2,4,64,0.09917728118322974
3,4,64,0.09943173950464874
1,5,64,0.08092318096658822
2,5,64,0.09910291483645456
3,5,64,0.09928050254472642
1,1,65,0.07485721212760549
2,1,65,0.09209494487830396
3,1,65,0.09369113629813346
1,2,65,0.07495141805845909
2,2,65,0.09201011718860236
3,2,65,0.093734494717302
1,3,65,0.07495628191670103
2,3,65,0.09202938600330973
3,3,65,0.09374088830246158
1,4,65,0.07503696733478449
2,4,65,0.09204268817315807
3,4,65,0.09379660180852445
1,5,65,0.07485678819073861
2,5,65,0.0919845164768856
3,5,65,0.09367624439375176
1,1,66,0.0701020169211367
2,1,66,0.08651254830480604
3,1,66,0.08922110358350702
1,2,66,0.0701761775136554
2,2,66,0.08644566257987525
3,2,66,0.08925570112766223
1,3,66,0.07017994438520807
2,3,66,0.08646088373437286
3,3,66,0.08926056835884552
1,4,66,0.07024342322245525
2,4,66,0.08647133859692446
3,4,66,0.08930530487389673
1,5,66,0.07010164427091424
2,5,66,0.0864254718746464
3,5,66,0.08920905324778408
1,1,67,0.06635155639067888
2,1,67,0.0821250597431366
3,1,67,0.08564488651744528
1,2,67,0.06641039737022095
2,2,67,0.08207193920442568
3,2,67,0.08567264411160265
1,3,67,0.06641332472436054
2,3,67,0.08208404603624808
3,3,67,0.08567631256753483
1,4,67,0.06646364523980562
2,4,67,0.0820923222283623
3,4,67,0.08571243353401851
1,5,67,0.06635123674655048
2,5,67,0.08205589359061906
3,5,67,0.08563511323663653
1,1,68,0.06337644733410897
2,1,68,0.07865631001255073
3,1,68,0.08277422330281049
1,2,68,0.06342346718234723
2,2,68,0.07861384713506461
3,2,68,0.08279660271828813
1,3,68,0.06342574831468893
2,3,68,0.07862353608763498
3,3,68,0.08279932543373748
1,4,68,0.06346591461514749
2,4,68,0.07863013023807386
3,4,68,0.08282864454819132
1,5,68,0.0633761778811499
2,5,68,0.07860100815414374
3,5,68,0.0827662805021534
1,1,69,0.06100397624967027
2,1,69,0.07589950214289018
3,1,69,0.0804631103187525
1,2,69,0.06104178905909194
2,2,69,0.07586536267617319
3,2,69,0.08048123234127032
1,3,69,0.06104356983852871
2,3,69,0.07587315838457255
3,3,69,0.08048320575105308
1,4,69,0.06107583070563045
2,4,69,0.07587844287389021
3,4,69,0.08050712494557682
1,5,69,0.06100375204882257
2,5,69,0.0758550271721518
3,5,69,0.08045664363992958
1,1,70,0.0591031503099354
2,1,70,0.0736984129389632
3,1,70,0.0785976833568625
1,2,70,0.05913372895527177
2,2,70,0.07367082601927528
3,2,70,0.07861241413874648
1,3,70,0.0591351201363857
2,3,70,0.07367712759555653
3,3,70,0.07861379155019013
1,4,70,0.05916117491033644
2,4,70,0.07368138438030651
3,4,70,0.0786334017700529
1,5,70,0.05910296567276895
2,5,70,0.07366246169844488
3,5,70,0.07859241057566216
1,1,71,0.05757384020212616
2,1,71,0.0719339670954922
3,1,71,0.07708863590264292
1,2,71,0.05759868886561212
2,2,71,0.07191157603183783
3,2,71,0.07710065009260973
1,3,71,0.05759977508942048
2,3,71,0.0719166900602
3,3,71,0.07710155178533178
1,4,71,0.05762092037176338
2,4,71,0.07192013469278476
3,4,71,0.07711770764303087
1,5,71,0.05757368944372164
2,5,71,0.07190477579716897
3,5,71,0.07708433136162125
1,1,72,0.056338903070206885
2,1,72,0.07051461936004572
3,1,72,0.07586553731811582
1,2,72,0.056359180108349866
2,2,72,0.07049637496854043
3,2,72,0.07587536437769006
1,3,72,0.056360026478511155
2,3,72,0.07050053915381749
3,3,72,0.07587588518932668
1,4,72,0.05637726100714674
2,4,72,0.07050333793767301
3,4,72,0.07588926042204704
1,5,72,0.05633878089471508
2,5,72,0.07049082438418483
3,5,72,0.07586201988912282
1,1,73,0.05533845164119218
2,1,73,0.06936942269568405
3,1,73,0.07487256055477047
1,2,73,0.05535505763735394
2,2,73,0.06935450646598172
3,2,73,0.07488061893630427
1,3,73,0.05535571453935978
2,3,73,0.06935790671110266
3,3,73,0.07488083398441622
1,4,73,0.055369814604053214
2,4,73,0.06936018904928662
3,4,73,0.07489196286242808
1,5,73,0.05533835331436982
2,5,73,0.06934996040215945
3,5,73,0.0748696843229785
1,1,74,0.054525661905892295
2,1,74,0.06844299140810574
3,1,74,0.07406525204852654
1,2,74,0.05453930328326301
2,2,74,0.06843075965439073
3,2,74,0.0740718746016688
1,3,74,0.054539809935065534
2,3,74,0.06843354250385626
3,3,74,0.07407184362509163
1,4,74,0.05455138402923465
2,4,74,0.06843540987017406
3,4,74,0.07408115207762579
1,5,74,0.054525583307126486
2,5,74,0.06842702537121173
3,5,74,0.07406289907971676
1,1,75,0.053863683884230254
2,1,75,0.06769180638718882
3,1,75,0.07340807286512066
1,2,75,0.05387491929035098
2,2,75,0.06768174924564022
3,2,75,0.07341352588091772
1,3,75,0.053875306376313804
2,3,75,0.06768403104263901
3,3,75,0.07341329655597416
1,4,75,0.05388483515858816
2,4,75,0.06768556356505974
3,4,75,0.07342112574770421
1,5,75,0.05386362149302376
2,5,75,0.06767867401834075
3,5,75,0.07340614756402015
1,1,76,0.05332334603564461
2,1,76,0.06708147719895233
3,1,76,0.07287251287863249
1,2,76,0.053332620505653516
2,2,76,0.06707318820922913
3,2,76,0.07287701049173925
1,3,76,0.05333291214542651
2,3,76,0.06707506190463612
3,3,76,0.07287662098346795
1,4,76,0.05334077794533132
2,4,76,0.0670763232472848
3,4,76,0.072883245318258
1,5,76,0.05332329688492312
2,5,76,0.06707065018019788
3,5,76,0.07287093756395799
1,1,77,0.05288143408474805
2,1,77,0.06658469220969487
3,1,77,0.07243563335552201
1,2,77,0.05288910446750277
2,2,77,0.06657784550942134
3,2,77,0.07243934853473495
1,3,77,0.052889319699355224
2,3,77,0.06657938577820932
3,3,77,0.07243882947347878
1,4,77,0.05289582852403031
2,4,77,0.06658042679972889
3,4,77,0.07244447045552307
1,5,77,0.05288139569979358
2,5,77,0.06657574685292938
3,5,77,0.07243434476904803
1,1,78,0.05251938878477359
2,1,78,0.06617966834619364
3,1,78,0.07207893227818642
1,2,78,0.052525742866895514
2,2,78,0.06617400139551108
3,2,78,0.07208200528826378
1,3,78,0.05252589677387417
2,3,78,0.0661752685211585
3,3,78,0.07208138131128683
1,4,78,0.052531294889175004
2,4,78,0.06617613004414759
3,4,78,0.07208621830172322
1,5,78,0.05251935911847906
2,5,78,0.06617226315599854
3,5,78,0.07207787881483343
1,1,79,0.05222231191249919
2,1,79,0.06584896755271082
3,1,79,0.07178745486649452
1,2,79,0.052227582952557895
2,2,79,0.06584426791773604
3,2,79,0.07178999983861599
1,3,79,0.05222768752370135
2,3,79,0.06584531077058922
3,3,79,0.07178929079979655
1,4,79,0.05223217407217442
2,4,79,0.06584602569842586
3,4,79,0.07179346942644454
1,5,79,0.05222228928279818
2,5,79,0.06584282607157409
3,5,79,0.07178659436467245
1,1,80,0.051978201174147885
2,1,80,0.06557858531764987
3,1,80,0.0715490920094944
1,2,80,0.05198257905985494
2,2,80,0.06557468046478007
3,2,80,0.07155120208374333
1,3,80,0.05198264385319574
2,3,80,0.06557553880701175
3,3,80,0.07155042400792631
1,4,80,0.05198638054815926
2,4,80,0.06557613375641977
3,4,80,0.07155406278511231
1,5,80,0.05197818420659412
2,5,80,0.06557348288594375
3,5,80,0.07154838997982294
1,1,81,0.05177735674004716
2,1,81,0.0653572432313052
3,1,81,0.07135402392641714
1,2,81,0.051780996634830996
2,2,81,0.06535399257858117
3,2,81,0.0713557753060036
1,3,81,0.051781029290868155
2,3,81,0.06535469886335604
3,3,81,0.07135494114541673
1,4,81,0.0517841479313031
2,4,81,0.06535519543385658
3,4,81,0.0713581367167673
1,5,81,0.051777344316820344
2,5,81,0.06535299667926363
3,5,81,0.07135345212583043
1,1,82,0.05161191766691695
2,1,82,0.06517583611476244
3,1,82,0.07119427695898677
1,2,82,0.051614946770416684
2,2,82,0.06517312479262505
3,2,82,0.07119573212754564
1,3,82,0.051614953411897486
2,3,82,0.06517370557944924
3,3,82,0.07119485236370084
1,4,82,0.05161756175671997
2,4,82,0.06517412134778584
3,4,82,0.07119768367678855
1,5,82,0.051611908882549545
2,5,82,0.06517229567312596
3,5,82,0.0711938122387244
1,1,83,0.05147549749604209
2,1,83,0.06502699735493599
3,1,83,0.07106336911919947
1,2,83,0.051478020373109765
2,2,83,0.06502473127427823
3,2,83,0.07106457940889326
1,3,83,0.051478005917747836
2,3,83,0.06502520835023118
3,3,83,0.07106366253312056
1,4,83,0.05148019231274972
2,4,83,0.06502555765451024
3,4,83,0.07106619417924172
1,5,83,0.051475491619613276
2,5,83,0.06502404026107327
3,5,83,0.0710629924912581
1,1,84,0.05136289620581775
2,1,84,0.06490475540488863
3,1,84,0.07095602570252592
1,2,84,0.0513649990182576
2,2,84,0.06490285733404311
3,2,84,0.07095703335454075
1,3,84,0.051364967424349914
2,3,84,0.0649032486075561
3,3,84,0.07095608625268131
1,4,84,0.05136680447187829
2,4,84,0.06490354316919715
3,4,84,0.07095837114960792
1,5,84,0.051362892649077715
2,5,84,0.06490228081659943
3,5,84,0.07095572158125402
1,1,85,0.051269871393633856
2,1,85,0.06480426112267816
3,1,85,0.07086795050616647
1,2,85,0.05127162528293747
2,2,85,0.06480266754964024
3,2,85,0.07086879033141345
1,3,85,0.05127157974297347
2,3,85,0.06480298776688405
3,3,85,0.0708678185924881
1,4,85,0.05127312723044953
2,4,85,0.06480323718647836
3,4,85,0.0708699001470018
1,5,85,0.051269869684397396
2,5,85,0.06480218604922976
3,5,85,0.07086770609088434
1,1,86,0.05119295571562995
2,1,86,0.06472157051397127
3,1,86,0.07079564137281304
1,2,86,0.05119441952300473
2,2,86,0.06472022912444014
3,2,86,0.0707963420956831
1,3,86,0.05119436261676636
2,3,86,0.06472049044630188
3,3,86,0.07079535026002985
1,4,86,0.05119566986663791
2,4,86,0.06472070260074157
3,4,86,0.07079726411636554
1,5,86,0.051192955475749174
2,5,86,0.0647198265446227
3,5,86,0.07079544614439551
1,1,87,0.05112931067252479
2,1,87,0.06465347105062223
3,1,87,0.07073624119844818
1,2,87,0.051130533137425695
2,2,87,0.06465233869232581
3,2,87,0.070736826547838
1,3,87,0.051130466953400636
2,3,87,0.0646525511610639
3,3,87,0.07073581830690634
1,4,87,0.05113157471804397
2,4,87,0.06465273252287242
3,4,87,0.07073759376406459
1,5,87,0.05112931159977598
2,5,87,0.06465200171277705
3,5,87,0.07073608650827455
1,1,88,0.05107660910663293
2,1,88,0.064597342427695
3,1,88,0.0706874173999071
1,2,88,0.05107763065187682
2,2,88,0.06459638346107349
3,2,88,0.07068790699768794
1,3,88,0.05107755688379274
2,3,88,0.06459655537913359
3,3,88,0.07068688535512645
1,4,88,0.05107849888005959
2,4,88,0.06459671127414465
3,4,88,0.07068854651834378
1,5,88,0.0510766109599064
2,5,88,0.0645961010452952
3,5,88,0.07068729613385429
1,1,89,0.05103294048627869
2,1,89,0.06455104464976158
3,1,89,0.07064726427769723
1,2,89,0.05103379467323185
2,2,89,0.06455022960729571
3,2,89,0.07064767436410892
1,3,89,0.051033714696993575
2,3,89,0.06455036784580583
3,3,89,0.07064664176579787
1,4,89,0.051034518853630514
2,4,89,0.06455050266174119
3,4,89,0.07064820848386598
1,5,89,0.05103294307352752
2,5,89,0.06454999260135798
3,5,89,0.07064717058121837
1,1,90,0.05099673435161619
2,1,90,0.06451282788171106
3,1,90,0.07061422383490343
1,2,90,0.05099744907051361
2,2,90,0.06451213237500052
3,2,90,0.07061456786214533
1,3,90,0.050997364005658304
2,3,90,0.06451224262570134
3,3,90,0.07061352630127102
1,4,90,0.050998053480683904
2,4,90,0.06451235998147059
3,4,90,0.07061501493084105
1,5,90,0.05099673752009008
2,5,90,0.06451193317944881
3,5,90,0.07061415288790905
1,1,91,0.05096669828856762
2,1,91,0.0644812596855364
3,1,91,0.07058702149872455
1,2,91,0.050967296735069355
2,2,91,0.0644806635120955
3,2,91,0.0705873106176533
1,3,91,0.05096720749395925
2,3,91,0.06448075049357774
3,3,91,0.07058626171969543
1,4,91,0.05096780150682903
2,4,91,0.06448085337703519
3,4,91,0.07058768574944965
1,5,91,0.05096670191692692
2,5,91,0.06448049581294484
3,5,91,0.07058696933111716
1,1,92,0.050941767562770836
2,1,92,0.06445516618265601
3,1,92,0.070564613892351
1,2,92,0.05094226904119803
2,2,92,0.06445465259430837
3,2,92,0.07056485735222981
1,3,92,0.05094217636847683
2,3,92,0.06445472022120445
3,3,92,0.070563802443762
1,4,92,0.05094269088248137
2,4,92,0.0644548111014868
3,4,92,0.07056517300483757
1,5,92,0.05094177155473771
2,5,92,0.06445451114195822
3,5,92,0.07056457723278006
1,1,93,0.050921064139287646
2,1,93,0.06443358439654563
3,1,93,0.07054614636259349
1,2,93,0.05092148472475697
2,2,93,0.064433139499007
3,2,93,0.07054635183993072
1,3,93,0.050921389229058873
2,3,93,0.06443319102105016
3,3,93,0.07054529200436367
1,4,93,0.05092183751215092
2,4,93,0.06443327194036684
3,4,93,0.0705466182882697
1,5,93,0.05092106841854872
2,5,93,0.06443301992616521
3,5,93,0.07054612251438001
1,1,94,0.05090386327753661
2,1,94,0.06441572359074597
3,1,94,0.07053091841395344
1,2,94,0.050904216362815155
2,2,94,0.06441533585001666
3,2,94,0.07053109228337842
1,3,94,0.050904118542295734
2,3,94,0.06441537396652129
3,3,94,0.07053002840616011
1,4,94,0.05090451162890011
2,4,94,0.06441544661528954
3,4,94,0.07053131800733425
1,5,94,0.050903867783659844
2,5,94,0.06441523452148028
3,5,94,0.07053090515325142
1,1,95,0.050889566254956664
2,1,95,0.0644009338583074
3,1,95,0.07051835555643736
1,2,95,0.05088986300284393
2,2,95,0.06440059369424989
3,2,95,0.07051850311410163
1,3,95,0.050889763265774345
2,3,95,0.06440062064849351
3,3,95,0.07051743591939673
1,4,95,0.05089011033770941
2,4,95,0.06440068642694013
3,4,95,0.07051869511627867
1,5,95,0.050889570940127006
2,5,95,0.06440050758277648
3,5,95,0.07051835104860667
1,1,96,0.050877678060068134
2,1,96,0.06438868056723959
3,1,96,0.07050798636071705
1,2,96,0.05087792777814999
2,2,96,0.06438838001848383
3,2,96,0.07050811200874263
1,3,96,0.05087782645955874
2,3,96,0.06438839767561845
3,3,96,0.07050704208922003
1,4,96,0.05087813516070597
2,4,96,0.06438845774435994
3,4,96,0.0705082760750954
1,5,96,0.050877682886482783
2,5,96,0.0643883066020823
3,5,96,0.07050798909162015
1,1,97,0.050867789123074644
2,1,97,0.06437852354289164
3,1,97,0.07049942374454773
1,2,97,0.05086799957454339
2,2,97,0.06437825599021343
3,2,97,0.0704995311434638
1,3,97,0.05086789694968764
2,3,97,0.06437826590165342
3,3,97,0.07049845898450517
1,4,97,0.05086817364627213
2,4,97,0.06437832122328199
3,4,97,0.07049967205726237
1,5,97,0.0508677940608678
2,5,97,0.06437819316705856
3,5,97,0.07049943246408173
1,1,98,0.05085956033302848
2,1,98,0.06437010008799697
3,1,98,0.0704923496999208
1,2,98,0.05085973799474286
2,2,98,0.06436986002571596
3,2,98,0.0704924418947554
1,3,98,0.05085963429003186
2,3,98,0.06436986348240328
3,3,98,0.07049136789414477
1,4,98,0.0508598842861623
2,4,98,0.06436991485572058
3,4,98,0.07049256361238665
1,5,98,0.05085956535862012
2,5,98,0.06436980604359002
3,5,98,0.07049236337558584
1,1,99,0.050852710734898714
2,1,99,0.06436311111639738
3,1,99,0.07048650282014988
1,2,99,0.05085286101183039
2,2,99,0.06436289396327473
3,2,99,0.07048658234481435
1,3,99,0.050852756413697346
2,3,99,0.0643628920397823
3,3,99,0.07048550682876334
1,4,99,0.050852984130036416
2,4,99,0.06436294012801178
3,4,99,0.07048668814033814
1,5,99,0.05085271582968267
2,5,99,0.06436284736100258
3,5,99,0.07048652059885423
1,1,100,0.05084700741538165
2,1,100,0.06435730981656812
3,1,100,0.0704816681070271
1,2,100,0.05084713481895561
2,2,100,0.06435711175924048
3,2,100,0.07048173707079276
1,3,100,0.05084702948107488
2,3,100,0.06435710535031881
3,3,100,0.07048066030699328
1,4,100,0.0508472386030791
2,4,100,0.06435715070438006
3,4,100,0.07048182965489473
1,5,100,0.05084701256468441
2,5,100,0.0643570713180422
3,5,100,0.07048168928365438
1,1,101,0.050842257178990616
2,1,101,0.06435249237328833
3,1,101,0.07047766863597413
1,2,101,0.05084236547549629
2,2,101,0.06435231023653758
3,2,101,0.07047772879516165
1,3,101,0.05084225952466377
2,3,101,0.06435230008742175
3,3,101,0.0704766510034251
1,4,101,0.05084245312567209
2,4,101,0.06435234316514923
3,4,101,0.07047781041310627
1,5,101,0.050842262371245554
2,5,101,0.06435227493959055
3,5,101,0.07047769262750536
1,1,102,0.05083829969054936
2,1,102,0.06434849036586884
3,1,102,0.07047435873625582
1,2,102,0.05083839202471604
2,2,102,0.06434832150505071
3,2,102,0.07047441155370143
1,3,102,0.050838285565647144
2,3,102,0.06434830823660838
3,3,102,0.07047333291463687
1,4,102,0.050838466209157135
2,4,102,0.0643483494186355
3,4,102,0.07047448406604719
1,5,102,0.05083830491664292
2,5,102,0.06434829050385577
3,5,102,0.07047438506045543
1,1,103,0.05083500182037454
2,1,103,0.0643451645337619
3,1,103,0.07047161840742668
1,2,103,0.05083508081831785
2,2,103,0.06434500674555074
3,2,103,0.070471665101838
1,3,103,0.05083497393756826
2,3,103,0.06434499087516246
3,3,103,0.07047058576393558
1,4,103,0.05083514376227096
2,4,103,0.06434503047805937
3,4,103,0.07047173005099011
1,5,103,0.050835007073128664
2,5,103,0.06434497933194233
3,5,103,0.07047164666528115
1,1,104,0.05083225297706283
2,1,104,0.06434239965869762
3,1,104,0.07046934874514783
1,2,104,0.050832320832082264
2,2,104,0.06434225110698512
3,2,104,0.07046939033208789
1,3,104,0.050832213601256275
2,3,104,0.06434223306588958
3,3,104,0.0704683104175051
1,4,104,0.05083237439177503
2,4,104,0.06434227135303852
3,4,104,0.07046944899720822
1,5,104,0.050832258250825636
2,5,104,0.06434222668982745
3,5,104,0.07046937860638967
1,1,105,0.05082996125218933
2,1,105,0.06434010035953656
3,1,105,0.07046746819166491
1,2,105,0.050830019796300516
2,2,105,0.06433995951387876
3,2,105,0.07046750551760193
1,3,105,0.05082991227467957
2,3,105,0.0643399396615889
3,3,105,0.07046642512689326
1,4,105,0.05083006552044478
2,4,105,0.0643399768521922
3,4,105,0.07046755895993861
1,5,105,0.05082996654251179
2,5,105,0.06433993759965533
3,5,105,0.07046749938283617
1,1,106,0.05082805023319423
2,1,106,0.0643381876340363
3,1,106,0.07046590946046306
1,2,106,0.05082810099678653
2,2,106,0.06433805321849866
3,2,106,0.07046594323107067
1,3,106,0.050827993233485795
2,3,106,0.06433803185478817
3,3,106,0.07046486244705608
1,4,106,0.05082814017775688
2,4,106,0.0643380681313346
3,4,106,0.07046599233140041
1,5,106,0.05082805553657479
2,5,106,0.0643380333951387
3,5,106,0.07046594175506815
1,1,107,0.05082645636672664
2,1,107,0.06433659601247985
3,1,107,0.07046461701241391
1,2,107,0.05082650062833157
2,2,107,0.06433646696310526
3,2,107,0.0704646478161025
1,3,107,0.05082639266407132
2,3,107,0.06433644433797928
3,3,107,0.07046356670703427
1,4,107,0.05082653434477005
2,4,107,0.06433647985243612
3,4,107,0.07046469330567467
1,5,107,0.05082646168040977
2,5,107,0.06433644888650303
3,5,107,0.07046465022279362
1,1,108,0.0508251267758841
2,1,108,0.06433527121303208
3,1,108,0.07046354498333311
1,2,108,0.05082516560370369
2,2,108,0.06433514664246422
3,2,108,0.0704635733108233
1,3,108,0.05082505747226597
2,3,108,0.06433512296445557
3,3,108,0.0704624919329796
1,4,108,0.05082519475600131
2,4,108,0.06433515784340679
3,4,108,0.07046361579694665
1,5,108,0.05082513209770135
2,5,108,0.06433513002523919
3,5,108,0.07046357895395568
1,1,109,0.050824017452053845
2,1,109,0.06433416820890564
3,1,109,0.07046265548125125
1,2,109,0.0508240517386211
2,2,109,0.06433404737695216
3,2,109,0.07046268174186049
1,3,109,0.05082394346804877
2,3,109,0.0643340228200273
3,3,109,0.07046160014167151
1,4,109,0.050824077078476804
2,4,109,0.06433405716893939
3,4,109,0.07046272172907043
1,5,109,0.050824022780298725
2,5,109,0.06433403197907545
3,5,109,0.07046269008317195
1,1,110,0.050823091756169926
2,1,110,0.06433324963384031
3,1,110,0.0704619171866665
1,2,110,0.050823122247282075
2,2,110,0.06433313192297081
3,2,110,0.07046194172186564
1,3,110,0.05082301386086719
2,3,110,0.06433310663227991
3,3,110,0.07046085993765705
1,4,110,0.05082314440233608
2,4,110,0.06433314053904482
3,4,110,0.07046197962944396
1,5,110,0.05082309708949919
2,5,110,0.06433311754394595
3,5,110,0.07046195231295015
1,1,111,0.05082231917574023
2,1,111,0.06433248446576079
3,1,111,0.07046130420124
1,2,111,0.05082234649461559
2,2,111,0.06433236936070588
3,2,111,0.0704613272959402
1,3,111,0.05082223801171433
2,3,111,0.0643323434573717
3,3,111,0.07046024535936415
1,4,111,0.05082236598898302
2,4,111,0.06433237699525124
3,4,111,0.07046136347242234
1,5,111,0.0508223245130963
2,5,111,0.06433235583304502
3,5,111,0.07046133976317762
1,1,112,0.05082167429345226
2,1,112,0.06433184693935813
3,1,112,0.07046079510032842
1,2,112,0.05082169896090165
2,2,112,0.06433173401011794
3,2,112,0.07046081699228149
1,3,112,0.05082159039760756
2,3,112,0.06433170759522559
3,3,112,0.07045973492949184
1,4,112,0.05082171623229399
2,4,112,0.06433174082529874
3,4,112,0.07046085172747445
1,5,112,0.050821679634002116
2,5,112,0.06433172119389764
3,5,112,0.07046083102430932
1,1,113,0.05082113593092058
2,1,113,0.064331315647212
3,1,113,0.07046037215285464
1,2,113,0.05082115838219329
2,2,113,0.06433120453490085
3,2,113,0.07046039304048377
1,3,113,0.0508210497518934
2,3,113,0.06433117769282212
3,3,113,0.0704593108731017
1,4,113,0.0508211737961973
2,4,113,0.06433121066602054
3,4,113,0.07046042657542612
1,5,113,0.050821141274007685
2,5,113,0.06433119231321834
3,5,113,0.07046040837777917
1,1,114,0.05082068643750599
2,1,114,0.06433087279631357
3,1,114,0.07046002067862839
1,2,114,0.05082070703636005
2,2,114,0.06433076320136431
3,2,114,0.0704600407275532
1,3,114,0.050820598350194895
2,3,114,0.06433073600252859
3,3,114,0.07045895847346134
1,4,114,0.050820720898348895
2,4,114,0.0643307687613298
3,4,114,0.07046007326277295
1,5,114,0.05082069178261254
2,5,114,0.06433075147654432
3,5,114,0.0704600571537676
1,1,115,0.05082031109937143
2,1,115,0.06433050359276814
3,1,115,0.07045972851863161
1,2,115,0.050820330149826606
2,2,115,0.06433039526510088
3,2,115,0.0704597478671066
1,3,115,0.050820221417070995
2,3,115,0.06433036776830489
3,3,115,0.07045866554110221
1,4,115,0.05082034271489783
2,4,115,0.06433040034814141
3,4,115,0.07045977956947028
1,5,115,0.05082031644608869
2,5,115,0.06433038395552891
3,5,115,0.07045976520185565
1,1,116,0.05081999764824689
2,1,116,0.06433019573229863
3,1,116,0.0704594855981953
1,2,116,0.0508200154044029
2,2,116,0.06433008846312467
3,2,116,0.07045950436164283
1,3,116,0.05081990663278137
2,3,116,0.06433006071745831
3,3,116,0.07045842197597564
1,4,116,0.0508200268856714
2,4,116,0.06433009314789055
3,4,116,0.07045953537003853
1,5,116,0.0508200029962519
2,5,116,0.06433007750060286
3,5,116,0.07045952245450643
1,1,117,0.05081973585292353
2,1,117,0.06432993897813644
3,1,117,0.07045928356660172
1,2,117,0.050819752527162775
2,2,117,0.06432983259312429
3,2,117,0.07045930184139196
1,3,117,0.05081964372311096
2,3,117,0.06432980463957677
3,3,117,0.07045821940620724
1,4,117,0.050819763102682186
2,4,117,0.06432983694526974
3,4,117,0.07045933227144612
1,5,117,0.05081974120196068
2,5,117,0.06432982192066342
3,5,117,0.0704593205669196
1,1,118,0.050819517179423124
2,1,118,0.06432972481113734
3,1,118,0.07045911549959978
1,2,118,0.050819532949264196
2,2,118,0.06432961916471336
3,2,118,0.07045913336620273
1,3,118,0.05081942411814568
2,3,118,0.06432959103751272
3,3,118,0.07045805088990614
1,4,118,0.05081954276780437
2,4,118,0.06432962323904952
3,4,118,0.07045916331419654
1,5,118,0.05081952252928992
2,5,118,0.06432960873468865
3,5,118,0.0704591526197549
1,1,119,0.05081933450820251
2,1,119,0.06432954613962664
3,1,119,0.07045897565373592
1,2,119,0.050819349522026526
2,2,119,0.06432944111022117
3,2,119,0.07045899317935025
1,3,119,0.05081924066831285
2,3,119,0.06432941283795172
3,3,119,0.07045791066890919
1,4,119,0.050819358707897055
2,4,119,0.06432944495251113
3,4,119,0.0704590227254727
1,5,119,0.05081933985873819
2,5,119,0.0643294308828321
3,5,119,0.07045901287363548
1,1,120,0.05081918189874642
2,1,120,0.06432939705866865
3,1,120,0.07045885926338276
1,2,120,0.0508191962805821
2,2,120,0.0643292925447503
3,2,120,0.07045887650412905
1,3,120,0.050819087408002235
2,3,120,0.06432926415128486
3,3,120,0.07045779396532093
1,4,120,0.05081920493765944
2,4,120,0.06432929619320621
3,4,120,0.07045890571517943
1,5,120,0.05081918724982308
2,5,120,0.06432928248673403
3,5,120,0.07045889656631908
1,1,121,0.05081905439354972
2,1,121,0.06432927265025666
3,1,121,0.07045876237297014
1,2,121,0.05081906824707211
2,2,121,0.06432916856702313
3,2,121,0.07045877937572041
1,3,121,0.05081895935873654
2,3,121,0.06432914007230099
3,3,121,0.07045769681333763
1,4,121,0.05081907646216266
2,4,121,0.0643291720535548
3,4,121,0.07045880830735436
1,5,121,0.050819059745065454
2,5,121,0.06432915865057977
3,5,121,0.07045879974504723
1,1,122,0.050818947854853046
2,1,122,0.0643291688173991
3,1,122,0.07045868169825235
1,2,122,0.05081896126672504
2,2,122,0.06432906509401617
3,2,122,0.0704586985021569
1,3,122,0.05081885236522907
2,3,122,0.06432903651469235
3,3,122,0.07045761592017646
1,4,122,0.05081896911237347
2,4,122,0.06432906844527257
3,4,122,0.07045872720075372
1,5,122,0.05081895320672641
2,5,122,0.06432905529591101
3,5,122,0.07045871912791028
1,1,123,0.050818858828623234
2,1,123,0.0643290821462993
3,1,123,0.07045861451153815
1,2,123,0.050818871871288245
2,2,123,0.06432897872359643
3,2,123,0.07045863114929977
1,3,123,0.050818762958797815
2,3,123,0.06432895007358334
3,3,123,0.070457548551023
1,4,123,0.050818879408123276
2,4,123,0.06432898196183458
3,4,123,0.07045865965351505
1,5,123,0.050818864180788986
2,5,123,0.0643289690244096
3,5,123,0.07045865198915813
1,1,124,0.05081878443120452
2,1,124,0.06432900979182926
3,1,124,0.07045855854670494
1,2,124,0.05081879716522034
2,2,124,0.06432890662037599
3,2,124,0.07045857504564222
1,3,124,0.050818688243543485
2,3,124,0.06432887791129571
3,3,124,0.07045749243381055
1,4,124,0.050818804443913956
2,4,124,0.06432890976418622
3,4,124,0.07045860338769923
1,5,124,0.05081878978361015
2,5,124,0.06432889700387576
3,5,124,0.07045859606428179
1,1,125,0.05081872225483973
2,1,125,0.06432894938232712
3,1,125,0.070458511920555
1,2,125,0.05081873473082939
2,2,125,0.06432884642082747
3,2,125,0.07045852830349023
1,3,125,0.05081862580147567
2,3,125,0.0643288176623895
3,3,125,0.07045744568038087
1,4,125,0.05081874179373356
2,4,125,0.06432884948573844
3,4,125,0.07045855651025433
1,5,125,0.050818727607442986
2,5,125,0.06432883687344669
3,5,125,0.07045854947142513
1,1,126,0.050818670288903835
2,1,126,0.064328898940432
3,1,126,0.07045847306767722
1,2,126,0.05081868254918574
2,2,126,0.06432879615438414
3,2,126,0.07045848935367713
1,3,126,0.05081857361341581
2,3,126,0.06432876735470032
3,3,126,0.07045740672118245
1,4,126,0.05081868943169974
2,4,126,0.06432879915336781
3,4,126,0.07045851744755015
1,5,126,0.05081867564167048
2,5,126,0.06432878666478244
3,5,126,0.0704585106462927
1,1,127,0.05081862685422239
2,1,127,0.06432885681723367
3,1,127,0.07045844068647375
1,2,127,0.05081863893417322
2,2,127,0.06432875417781063
3,2,127,0.07045845689146853
1,3,127,0.05081852999303998
2,3,127,0.06432872534365845
3,3,127,0.07045737425116132
1,4,127,0.05081864566588587
2,4,127,0.06432875712170394
3,4,127,0.07045848489113282
1,5,127,0.05081863220712466
2,5,127,0.06432874473650886
3,5,127,0.07045847828821468
1,1,128,0.050818590548291645
2,1,128,0.06432882163748134
3,1,128,0.07045841369442206
1,2,128,0.050818602477485215
2,2,128,0.06432871912059655
3,2,128,0.07045842983172183
1,3,128,0.05081849353186827
2,3,128,0.06432869025763893
3,3,128,0.07045734718490977
1,4,128,0.050818609083129435
2,4,128,0.06432872201845324
3,4,128,0.07045845775275994
1,5,128,0.050818595901306905
2,5,128,0.06432870971967114
3,5,128,0.07045845131544061
1,1,129,0.050818560199582224
2,1,129,0.06432879225398143
3,1,129,0.07045839119097828
1,2,129,0.050818572002741605
2,2,129,0.06432868983950825
3,2,129,0.07045840727170448
1,3,129,0.050818463053375874
2,3,129,0.064328660952477
3,3,129,0.07045732461947522
1,4,129,0.050818578502991825
2,4,129,0.0643286926988927
3,4,129,0.07045843512711504
1,5,129,0.05081856555269193
2,5,129,0.0643286804723359
3,5,129,0.0704584288280692
1,1,130,0.050818534829413696
2,1,130,0.06432876770963294
3,1,130,0.07045837242680644
1,2,130,0.050818546527207034
2,2,130,0.06432866538075312
3,2,130,0.07045838846025208
1,3,130,0.05081843757470663
2,3,130,0.06432863647360204
3,3,130,0.07045730580351038
1,4,130,0.05081855293934563
2,4,130,0.06432866820798556
3,4,130,0.07045841626087977
1,5,130,0.05081854018260265
2,5,130,0.0643286560417971
3,5,130,0.07045841007729914
1,1,131,0.05081851362014097
2,1,131,0.0643287472058132
3,1,131,0.0704583567782458
1,2,131,0.05081852522984657
2,2,131,0.0643286449484723
3,2,131,0.07045837277217641
1,3,131,0.05081841627472478
2,3,131,0.06432861602450557
3,3,131,0.07045729011167512
1,4,131,0.05081853156832079
2,4,131,0.0643286477488339
3,4,131,0.07045840052706973
1,5,131,0.05081851897339663
2,5,131,0.06432863563310456
3,5,131,0.07045839443991493
1,1,132,0.050818495888603196
2,1,132,0.06432873007604567
3,1,132,0.07045834372611814
1,2,132,0.050818507424665725
2,2,132,0.0643286278784986
3,2,132,0.07045835968702295
1,3,132,0.050818398467351554
2,3,132,0.06432859894047724
3,3,132,0.07045727702338879
1,4,132,0.05081851370155298
2,4,132,0.06432863065640229
3,4,132,0.07045838740373274
1,5,132,0.05081850124191516
2,5,132,0.06432861858285016
3,5,132,0.07045838139710908
1,1,133,0.05081848106396198
2,1,133,0.06432871576406177
3,1,133,0.07045833283813137
1,2,133,0.05081849253845718
2,2,133,0.06432861361649295
3,2,133,0.0704583487714334
1,3,133,0.05081838357930926
2,3,133,0.06432858466672442
3,3,133,0.070457266105188
1,4,133,0.050818498763853984
2,4,133,0.06432861637562635
3,4,133,0.07045837645626117
1,5,133,0.05081848641732159
2,5,133,0.06432860433732962
3,5,133,0.07045837051689809
1,1,134,0.050818468669200395
2,1,134,0.06432870380551992
3,1,134,0.070458323754265
1,2,134,0.05081848009222371
2,2,134,0.06432860169972608
3,2,134,0.07045833966449624
1,3,134,0.05081837113154192
2,3,134,0.06432857274013871
3,3,134,0.07045725699607405
1,4,134,0.050818486274570814
2,4,134,0.06432860444317086
3,4,134,0.07045836732270162
1,5,134,0.05081847402260047
2,5,134,0.06432859243434418
3,5,134,0.07045836143951872
1,1,135,0.0508184583056768
2,1,135,0.06432869381276896
3,1,135,0.07045831617462847
1,2,135,0.050818469685668076
2,2,135,0.06432859174189402
3,2,135,0.0704583320655765
1,3,135,0.05081836072370314
2,3,135,0.06432856277409953
3,3,135,0.07045724939533934
1,4,135,0.050818475832022064
2,4,135,0.06432859447222557
3,4,135,0.07045835970154973
1,5,135,0.05081846365911129
2,5,135,0.0643285824880334
3,5,135,0.07045835386529459
1,1,136,0.050818449640226686
2,1,136,0.06432868546214625
3,1,136,0.07045830984937088
1,2,136,0.050818460984241816
2,2,136,0.06432858342045997
3,2,136,0.07045832572420113
1,3,136,0.05081835202120336
2,3,136,0.06432855444580526
3,3,136,0.07045724305245045
1,4,136,0.050818467100502224
2,4,136,0.06432858613983061
3,4,136,0.07045835334160723
1,5,136,0.05081845499369053
2,5,136,0.06432857417623113
3,5,136,0.07045834754455325
1,1,137,0.05081844239439195
2,1,137,0.06432867848338696
3,1,137,0.07045830457029346
1,2,137,0.050818453708329776
2,2,137,0.06432857646609985
3,2,137,0.07045832043165154
1,3,137,0.050818344744393194
2,3,137,0.06432854748571078
3,3,137,0.07045723775863848
1,4,137,0.050818459799428874
2,4,137,0.06432857917630848
3,4,137,0.07045834803355029
1,5,137,0.05081844774788086
2,5,137,0.06432856722992333
3,5,137,0.07045834226924483
1,1,138,0.05081843633542514
2,1,138,0.06432867265079217
3,1,138,0.07045830016387548
1,2,138,0.05081844762421721
2,2,138,0.06432857065390114
3,2,138,0.07045831601397255
1,3,138,0.05081833865952912
2,3,138,0.06432854166871858
3,3,138,0.0704572333399065
1,4,138,0.05081845369427868
2,4,138,0.06432857335645115
3,4,138,0.07045834360291875
1,5,138,0.050818441688935505
2,5,138,0.06432856142445638
3,5,138,0.0704583378659724
1,1,139,0.05081843126877565
2,1,139,0.06432866777586248
3,1,139,0.07045829648547389
1,2,139,0.05081844253654491
2,2,139,0.06432856579602135
3,2,139,0.07045831232615808
1,3,139,0.050818333571228023
2,3,139,0.06432853680683186
3,3,139,0.07045722965121347
1,4,139,0.050818448589016366
2,4,139,0.0643285684921694
3,4,139,0.0704583399042849
1,5,139,0.050818436622304404
2,5,139,0.0643285565722045
3,5,139,0.07045833419019637
1,1,140,0.05081842703181327
2,1,140,0.0643286637011526
3,1,140,0.07045829341449802
1,2,140,0.050818438282006544
2,2,140,0.06432856173556453
3,2,140,0.07045830924731401
1,3,140,0.05081832931616345
2,3,140,0.06432853274302547
3,3,140,0.07045722657163635
1,4,140,0.05081844431977057
2,4,140,0.06432856442636094
3,4,140,0.07045833681640282
1,5,140,0.05081843238535776
2,5,140,0.06432855251645275
3,5,140,0.07045833112141218
1,1,141,0.05081842348858451
2,1,141,0.06432866029514453
3,1,141,0.07045829085039423
1,2,141,0.05081843472408357
2,2,141,0.06432855834147162
3,2,141,0.07045830667663316
1,3,141,0.050818325757800105
2,3,141,0.06432852934613247
3,3,141,0.07045722400034374
1,4,141,0.05081844074955016
2,4,141,0.06432856102779426
3,4,141,0.07045833423817167
1,5,141,0.05081842884214259
2,5,141,0.06432854912629336
3,5,141,0.07045832855913811
1,1,142,0.05081842052543202
2,1,142,0.06432865744796906
3,1,142,0.07045828870930444
1,2,142,0.050818431748646024
2,2,142,0.06432855550425699
3,2,142,0.07045830453004549
1,3,142,0.05081832278199404
2,3,142,0.06432852650657704
3,3,142,0.07045722185324547
1,4,142,0.05081843776383023
2,4,142,0.06432855818683972
3,4,142,0.07045833208527616
1,5,142,0.05081842587900175
2,5,142,0.06432854629236726
3,5,142,0.0704583264195759
1,1,143,0.050818418047333995
2,1,143,0.06432865506783524
3,1,143,0.07045828692128388
1,2,143,0.05081842926027712
2,2,143,0.06432855313245044
3,2,143,0.0704583027374291
1,3,143,0.05081832029331671
2,3,143,0.06432852413281363
3,3,143,0.07045722006020286
1,4,143,0.050818435266863735
2,4,143,0.06432855581190666
3,4,143,0.07045833028738968
1,5,143,0.05081842340091371
2,5,143,0.06432854392331001
3,5,143,0.07045832463283086
1,1,144,0.05081841597484557
2,1,144,0.0643286530780504
3,1,144,0.07045828542798478
1,2,144,0.050818427179201764
2,2,144,0.06432855114962721
3,2,144,0.07045830124028821
1,3,144,0.05081831821198321
2,3,144,0.06432852214835451
3,3,144,0.07045721856270612
1,4,144,0.050818433178599486
2,4,144,0.06432855382646965
3,4,144,0.07045832878584547
1,5,144,0.050818421328433935
2,5,144,0.06432854194278527
3,5,144,0.07045832314059679
1,1,145,0.05081841424154304
2,1,145,0.06432865141453208
3,1,145,0.0704582841807272
1,2,145,0.050818425438720144
2,2,145,0.06432854949192893
3,2,145,0.07045829998981909
1,3,145,0.05081831647128551
2,3,145,0.06432852048928864
3,3,145,0.07045721731193995
1,4,145,0.050818431432106764
2,4,145,0.06432855216658626
3,4,145,0.07045832753169723
1,5,145,0.05081841959513881
2,5,145,0.06432854028700864
3,5,145,0.07045832189422863
1,1,146,0.05081841279188753
2,1,146,0.06432865002373143
3,1,146,0.07045828313889205
1,2,146,0.05081842398306253
2,2,146,0.06432854810599398
3,2,146,0.07045829894529927
1,3,146,0.05081831501544704
2,3,146,0.06432851910221035
3,3,146,0.07045721626717205
1,4,146,0.05081842997142292
2,4,146,0.06432855077882449
3,4,146,0.07045832648410315
1,5,146,0.050818418145489715
2,5,146,0.06432853890268024
3,5,146,0.0704583208531363
1,1,147,0.0508184115794399
2,1,147,0.06432864886089873
3,1,147,0.07045828226858228
1,2,147,0.050818422765596886
2,2,147,0.06432854694722918
3,2,147,0.0704582980727452
1,3,147,0.05081831379783002
2,3,147,0.06432851794248969
3,3,147,0.07045721539441088
1,4,147,0.050818428749754466
2,4,147,0.06432854961853238
3,4,147,0.07045832560898016
1,5,147,0.050818416933047623
2,5,147,0.0643285377452586
3,5,147,0.07045831998344691
1,1,148,0.050818410565368705
2,1,148,0.06432864788863553
3,1,148,0.07045828154150709
1,2,148,0.050818421747330304
2,2,148,0.06432854597836693
3,2,148,0.07045829734379391
1,3,148,0.05081831277943672
2,3,148,0.06432851697282832
3,3,148,0.07045721466528655
1,4,148,0.05081842772797361
2,4,148,0.0643285486483933
3,4,148,0.07045832487788212
1,5,148,0.05081841591898117
2,5,148,0.06432853677751926
3,5,148,0.07045831925688993
1,1,149,0.050818409717202744
2,1,149,0.06432864707568524
3,1,149,0.07045828093405226
1,2,149,0.05081842089565679
2,2,149,0.06432854516826
3,2,149,0.07045829673477065
1,3,149,0.05081831192765711
2,3,149,0.06432851616205329
3,3,149,0.07045721405611882
1,4,149,0.050818426873361515
2,4,149,0.0643285478372188
3,4,149,0.07045832426706485
1,5,149,0.05081841507081927
2,5,149,0.06432853596835114
3,5,149,0.07045831864986792
1,1,150,0.05081840900778869
2,1,150,0.06432864639592306
3,1,150,0.07045828042650484
1,2,150,0.050818420183310224
2,2,150,0.06432854449087506
3,2,150,0.07045829622591213
1,3,150,0.050818311215221755
2,3,150,0.06432851548410978
3,3,150,0.07045721354713957
1,4,150,0.0508184261585578
2,4,150,0.06432854715894133
3,4,150,0.07045832375670705
1,5,150,0.05081841436140877
2,5,150,0.06432853529175109
3,5,150,0.07045831814268208
1,1,151,0.05081840841441959
2,1,151,0.06432864582751242
3,1,151,0.07045828000240721
1,2,151,0.0508184195874894
2,2,151,0.06432854392445198
3,2,151,0.07045829580071841
1,3,151,0.050818310619326575
2,3,151,0.0643285149172197
3,3,151,0.07045721312184501
1,4,151,0.05081842556068229
2,4,151,0.064328546591772
3,4,151,0.07045832333026027
1,5,151,0.050818413768042706
2,5,151,0.06432853472598418
3,5,151,0.07045831771888653
1,1,152,0.05081840791810628
2,1,152,0.06432864535220024
3,1,152,0.07045827964801789
1,2,152,0.05081841908912632
2,2,152,0.0643285434508015
3,2,152,0.07045829544541281
1,3,152,0.05081831012090125
2,3,152,0.06432851444317882
3,3,152,0.07045721276645513
1,4,152,0.050818425060601115
2,4,152,0.06432854611749761
3,4,152,0.07045832297390746
1,5,152,0.05081841327173203
2,5,152,0.06432853425288232
3,5,152,0.07045831736474957
1,1,153,0.05081840750296832
2,1,153,0.06432864495472809
3,1,153,0.0704582793518625
1,2,153,0.050818418672274615
2,2,153,0.06432854305471869
3,2,153,0.07045829514849139
1,3,153,0.05081830970399744
2,3,153,0.06432851404676955
3,3,153,0.07045721246946332
1,4,153,0.05081842464231275
2,4,153,0.06432854572089314
3,4,153,0.07045832267611074
1,5,153,0.05081841285659631
2,5,153,0.0643285338572582
3,5,153,0.07045831706880501
1,1,154,0.050818407155724714
2,1,154,0.06432864462234046
3,1,154,0.07045827910435866
1,2,154,0.05081841832359822
2,2,154,0.06432854272349263
3,2,154,0.07045829490034713
1,3,154,0.050818309355277425
2,3,154,0.0643285137152706
3,3,154,0.0704572122212603
1,4,154,0.050818424292434994
2,4,154,0.06432854538923097
3,4,154,0.07045832242723497
1,5,154,0.050818412509354656
2,5,154,0.06432853352641558
3,5,154,0.07045831682147734
1,1,155,0.050818406865268236
2,1,155,0.0643286443443736
3,1,155,0.07045827889750352
1,2,155,0.050818418031943875
2,2,155,0.06432854244649702
3,2,155,0.07045829469295664
1,3,155,0.050818309063586545
2,3,155,0.06432851343804682
3,3,155,0.07045721201382063
1,4,155,0.050818423999776104
2,4,155,0.0643285451118707
3,4,155,0.07045832221923297
1,5,155,0.05081841221889987
2,5,155,0.0643285332497406
3,5,155,0.07045831661476937
1,1,156,0.05081840662230949
2,1,156,0.06432864411191243
3,1,156,0.07045827872461272
1,2,156,0.0508184177879836
2,2,156,0.06432854221484788
3,2,156,0.07045829451961824
1,3,156,0.05081830881959571
2,3,156,0.06432851320620687
3,3,156,0.07045721184044115
1,4,156,0.050818423754975826
2,4,156,0.06432854487991665
3,4,156,0.07045832204538353
1,5,156,0.05081841197594256
2,5,156,0.06432853301835949
3,5,156,0.07045831644200157
1,1,157,0.0508184064190792
2,1,157,0.06432864391750323
3,1,157,0.07045827858010274
1,2,157,0.050818417583915955
2,2,157,0.06432854202111761
3,2,157,0.07045829437473411
1,3,157,0.05081830861550246
2,3,157,0.06432851301231711
3,3,157,0.07045721169552274
1,4,157,0.050818423550205764
2,4,157,0.06432854468593145
3,4,157,0.07045832190007219
1,5,157,0.0508184117727135
2,5,157,0.06432853282485332
3,5,157,0.07045831629759437
1,1,158,0.05081840624907928
2,1,158,0.06432864375491402
3,1,158,0.07045827845930948
1,2,158,0.05081841741321601
2,2,158,0.06432854185909608
3,2,158,0.07045829425362807
1,3,158,0.05081830844478108
2,3,158,0.06432851285016221
3,3,158,0.07045721157438796
1,4,158,0.05081842337891842
2,4,158,0.06432854452369675
3,4,158,0.07045832177860897
1,5,158,0.050818411602714636
2,5,158,0.06432853266301912
3,5,158,0.07045831617688701
1,1,159,0.05081840610687492
2,1,159,0.06432864361893413
3,1,159,0.07045827835833626
1,2,159,0.05081841727042637
2,2,159,0.06432854172359083
3,2,159,0.07045829415239331
1,3,159,0.05081830830197349
2,3,159,0.06432851271454547
3,3,159,0.07045721147312924
1,4,159,0.0508184232356376
2,4,159,0.06432854438801326
3,4,159,0.07045832167707575
1,5,159,0.0508184114605112
2,5,159,0.06432853252767055
3,5,159,0.07045831607598556
1,1,160,0.050818405987920416
2,1,160,0.0643286435052067
3,1,160,0.07045827827392756
1,2,160,0.05081841715098254
2,2,160,0.06432854161026026
3,2,160,0.07045829406776598
1,3,160,0.050818308182514614
2,3,160,0.06432851260112166
3,3,160,0.07045721138848188
1,4,160,0.05081842311578303
2,4,160,0.06432854427453369
3,4,160,0.07045832159219888
1,5,160,0.0508184113415575
2,5,160,0.06432853241447091
3,5,160,0.07045831599163688
1,1,161,0.05081840588841368
2,1,161,0.06432864341008862
3,1,161,0.07045827820336328
1,2,161,0.05081841705106666
2,2,161,0.06432854151547403
3,2,161,0.0704582939970189
1,3,161,0.05081830808258618
2,3,161,0.06432851250625746
3,3,161,0.07045721131771805
1,4,161,0.050818423015523737
2,4,161,0.06432854417962282
3,4,161,0.0704583215212432
1,5,161,0.050818411242051435
2,5,161,0.06432853231979416
3,5,161,0.07045831592112275
1,1,162,0.05081840580517456
2,1,162,0.06432864333053356
3,1,162,0.07045827814437054
1,2,162,0.05081841696748551
2,2,162,0.0643285414361964
3,2,162,0.07045829393787338
1,3,162,0.050818307998994484
2,3,162,0.06432851242691465
3,3,162,0.0704572112585585
1,4,162,0.05081842293165535
2,4,162,0.06432854410024103
3,4,162,0.07045832146192327
1,5,162,0.05081841115881289
2,5,162,0.06432853224060807
3,5,162,0.07045831586217186
1,1,163,0.050818405735543054
2,1,163,0.06432864326399414
3,1,163,0.07045827809505002
1,2,163,0.05081841689756804
2,2,163,0.06432854136988896
3,2,163,0.07045829388842513
1,3,163,0.050818307929068184
2,3,163,0.06432851236055272
3,3,163,0.07045721120909852
1,4,163,0.050818422861497695
2,4,163,0.06432854403384643
3,4,163,0.07045832141232922
1,5,163,0.0508184110891819
2,5,163,0.06432853217437716
3,5,163,0.07045831581288636
1,1,164,0.05081840567729423
2,1,164,0.06432864320834011
3,1,164,0.07045827805381452
1,2,164,0.05081841683908013
2,2,164,0.06432854131442887
3,2,164,0.07045829384708283
1,3,164,0.050818307870572885
2,3,164,0.0643285123050471
3,3,164,0.07045721116774645
1,4,164,0.050818422802808974
2,4,164,0.06432854397831356
3,4,164,0.07045832137086507
1,5,164,0.050818411030933514
2,5,164,0.0643285321189811
3,5,164,0.07045831577168019
1,1,165,0.05081840562856706
2,1,165,0.06432864316179007
3,1,165,0.07045827801933763
1,2,165,0.050818416790153045
2,2,165,0.06432854126804105
3,2,165,0.07045829381251666
1,3,165,0.05081830782163961
2,3,165,0.06432851225862116
3,3,165,0.07045721113317203
1,4,165,0.050818422753713954
2,4,165,0.06432854393186478
3,4,165,0.07045832133619696
1,5,165,0.05081841098220669
2,5,165,0.06432853207264672
3,5,165,0.07045831573722773
1,1,166,0.050818405587804774
2,1,166,0.06432864312285427
3,1,166,0.07045827799051063
1,2,166,0.05081841674922366
2,2,166,0.06432854122924087
3,2,166,0.070458293783615
1,3,166,0.050818307780705035
2,3,166,0.0643285122197891
3,3,166,0.0704572111042636
1,4,166,0.05081842271264414
2,4,166,0.06432854389301364
3,4,166,0.07045832130721018
1,5,166,0.05081841094144474
2,5,166,0.06432853203389127
3,5,166,0.0704583157084212
1,1,167,0.05081840555370528
2,1,167,0.06432864309028687
3,1,167,0.07045827796640704
1,2,167,0.05081841671498443
2,2,167,0.06432854119678678
3,2,167,0.07045829375944902
1,3,167,0.050818307746461476
2,3,167,0.06432851218730842
3,3,167,0.07045721108009181
1,4,167,0.05081842267828747
2,4,167,0.06432854386051703
3,4,167,0.07045832128297294
1,5,167,0.050818410907345506
2,5,167,0.0643285320014746
3,5,167,0.07045831568433468
1,1,168,0.05081840552517934
2,1,168,0.06432864306304586
3,1,168,0.0704582779462523
1,2,168,0.05081841668634168
2,2,168,0.06432854116964064
3,2,168,0.07045829373924203
1,3,168,0.050818307717815085
2,3,168,0.06432851216013996
3,3,168,0.07045721105988015
1,4,168,0.0508184226495465
2,4,168,0.06432854383333524
3,4,168,0.07045832126270647
1,5,168,0.050818410878819796
2,5,168,0.0643285319743597
3,5,168,0.07045831566419423
1,1,169,0.05081840550131583
2,1,169,0.06432864304025993
3,1,169,0.070458277929399
1,2,169,0.050818416662380475
2,2,169,0.06432854114693397
3,2,169,0.07045829372234517
1,3,169,0.050818307693850845
2,3,169,0.06432851213741468
3,3,169,0.07045721104297926
1,4,169,0.050818422625503186
2,4,169,0.0643285438105988
3,4,169,0.07045832124575982
1,5,169,0.05081841085495646
2,5,169,0.06432853195167915
3,5,169,0.07045831564735293
1,1,170,0.050818405481352566
2,1,170,0.06432864302120019
3,1,170,0.07045827791530608
1,2,170,0.05081841664233557
2,2,170,0.06432854112794055
3,2,170,0.07045829370821578
1,3,170,0.0508183076738034
2,3,170,0.0643285121184057
3,3,170,0.07045721102884647
1,4,170,0.050818422605389595
2,4,170,0.06432854379158048
3,4,170,0.07045832123158881
1,5,170,0.05081841083499338
2,5,170,0.06432853193270759
3,5,170,0.07045831563326999
1,1,171,0.05081840546465204
2,1,171,0.06432864300525723
3,1,171,0.07045827790352108
1,2,171,0.05081841662556678
2,2,171,0.06432854111205301
3,2,171,0.07045829369640028
1,3,171,0.05081830765703249
2,3,171,0.06432851210250513
3,3,171,0.07045721101702819
1,4,171,0.05081842258856339
2,4,171,0.06432854377567214
3,4,171,0.07045832121973854
1,5,171,0.05081841081829301
2,5,171,0.06432853191683832
3,5,171,0.07045831562149331
1,1,172,0.05081840545068094
2,1,172,0.06432864299192122
3,1,172,0.07045827789366585
1,2,172,0.050818416611538596
2,2,172,0.0643285410987633
3,2,172,0.07045829368651954
1,3,172,0.050818307643002505
2,3,172,0.06432851208920455
3,3,172,0.07045721100714514
1,4,172,0.05081842257448717
2,4,172,0.06432854376236502
3,4,172,0.07045832120982869
1,5,172,0.05081841080432203
2,5,172,0.06432853190356391
3,5,172,0.07045831561164503
1,1,173,0.0508184054389931
2,1,173,0.06432864298076572
3,1,173,0.07045827788542416
1,2,173,0.05081841659980304
2,2,173,0.06432854108764657
3,2,173,0.07045829367825658
1,3,173,0.050818307631265464
2,3,173,0.06432851207807874
3,3,173,0.07045721099888015
1,4,173,0.05081842256271148
2,4,173,0.06432854375123376
3,4,173,0.07045832120154139
1,5,173,0.05081841079263431
2,5,173,0.06432853189245998
3,5,173,0.07045831560340922
1,1,174,0.050818405429215376
2,1,174,0.06432864297143419
3,1,174,0.07045827787853175
1,2,174,0.05081841658998543
2,2,174,0.06432854107834746
3,2,174,0.07045829367134636
1,3,174,0.05081830762144658
2,3,174,0.064328512068772
3,3,174,0.0704572109919683
1,4,174,0.05081842255286026
2,4,174,0.06432854374192243
3,4,174,0.07045832119461085
1,5,174,0.05081841078285667
2,5,174,0.06432853188317152
3,5,174,0.07045831559652166
1,1,175,0.050818405421035544
2,1,175,0.06432864296362832
3,1,175,0.0704582778727676
1,2,175,0.050818416581772226
2,2,175,0.06432854107056865
3,2,175,0.07045829366556726
1,3,175,0.05081830761323232
2,3,175,0.06432851206098686
3,3,175,0.07045721098618789
1,4,175,0.050818422544618984
2,4,175,0.06432854373413346
3,4,175,0.07045832118881475
1,5,175,0.05081841077467692
2,5,175,0.06432853187540163
3,5,175,0.0704583155907616
1,1,176,0.050818405414192455
2,1,176,0.06432864295709864
3,1,176,0.07045827786794691
1,2,176,0.05081841657490124
2,2,176,0.06432854106406162
3,2,176,0.07045829366073414
1,3,176,0.050818307606360476
2,3,176,0.06432851205447448
3,3,176,0.0704572109813536
1,4,176,0.050818422537724506
2,4,176,0.06432854372761791
3,4,176,0.07045832118396742
1,5,176,0.05081841076783389
2,5,176,0.06432853186890207
3,5,176,0.07045831558594429
1,1,177,0.050818405408467625
2,1,177,0.0643286429516364
3,1,177,0.07045827786391518
1,2,177,0.0508184165691531
2,2,177,0.06432854105861836
3,2,177,0.07045829365669203
1,3,177,0.050818307600611595
2,3,177,0.06432851204902673
3,3,177,0.0704572109773105
1,4,177,0.050818422531956724
2,4,177,0.06432854372216751
3,4,177,0.07045832117991337
1,5,177,0.05081841076210911
2,5,177,0.06432853186346504
3,5,177,0.07045831558191543
1,1,178,0.05081840540367832
2,1,178,0.06432864294706712
3,1,178,0.07045827786054322
1,2,178,0.0508184165643443
2,2,178,0.06432854105406492
3,2,178,0.07045829365331137
1,3,178,0.050818307595802165
2,3,178,0.06432851204446963
3,3,178,0.07045721097392905
1,4,178,0.0508184225271315
2,4,178,0.06432854371760816
3,4,178,0.07045832117652279
1,5,178,0.050818410757319854
2,5,178,0.06432853185891681
3,5,178,0.07045831557854589
1,1,179,0.05061941779532343
2,1,179,0.06421976643422862
3,1,179,0.07033902691484321
1,2,179,0.0506194289122721
2,2,179,0.06421966471369386
3,2,179,0.07033904268087482
1,3,179,0.050619320370413265
2,3,179,0.06421963575319432
3,3,179,0.0703379618339314
1,4,179,0.05061943485169764
2,4,179,0.06421966737272411
3,4,179,0.07033907015749485
1,5,179,0.05061942312800198
2,5,179,0.06421965553411293
3,5,179,0.07033906456900994
