strata,patch,time,cases
1,1,1,4898.0
2,1,1,30062.0
3,1,1,15135.0
1,2,1,10049.0
2,2,1,60370.0
3,2,1,29824.0
1,3,1,15169.0
2,3,1,89681.0
3,3,1,45072.0
1,4,1,30015.0
2,4,1,179719.0
3,4,1,90155.0
1,5,1,40108.0
2,5,1,240088.0
3,5,1,119651.0
1,1,2,4897.9974862502995
2,1,2,30061.970878853368
3,1,2,15134.98894636068
1,2,2,10048.999994681126
2,2,2,60369.99122665694
3,2,2,29823.999662278213
1,3,2,15168.997085209037
2,3,2,89680.95646585569
3,3,2,45071.961538081036
1,4,2,30015.0
2,4,2,179718.93355155757
3,4,2,90154.9990111872
1,5,2,40107.97282378528
2,5,2,240087.64895130915
3,5,2,119650.88436394755
1,1,3,4897.994827028527
2,1,3,30061.939940932072
3,1,3,15134.97723030544
1,2,3,10048.999987355619
2,2,3,60369.981922588035
3,2,3,29823.999237840566
1,3,3,15168.993765490834
2,3,3,89680.90751958983
3,3,3,45071.91153462497
1,4,3,30015.0
2,4,3,179718.86325972585
3,4,3,90154.99796492716
1,5,3,40107.94407593567
2,5,3,240087.2769772508
3,5,3,119650.76193715392
1,1,4,4897.9921461533595
2,1,4,30061.909311432384
3,1,4,15134.96556709388
1,2,4,10048.999930902311
2,2,4,60369.97211811247
3,2,4,29823.998590535575
1,3,4,15168.990249215181
2,3,4,89680.85721677686
3,3,4,45071.85925751539
1,4,4,30014.999767685083
2,4,4,179718.79195025636
3,4,4,90154.99593372711
1,5,4,40107.91532030738
2,5,4,240086.91248314708
3,5,4,119650.64107304288
1,1,5,4897.98939128903
2,1,5,30061.878905112266
3,1,5,15134.953840818816
1,2,5,10048.999774614316
2,2,5,60369.96115134227
3,2,5,29823.997526764928
1,3,5,15168.986451870967
2,3,5,89680.80537317258
3,3,5,45071.80825552379
1,4,5,30014.999064661202
2,4,5,179718.71746258938
3,4,5,90154.99189042221
1,5,5,40107.8862235355
2,5,5,240086.55766301582
3,5,5,119650.52150311526
1,1,6,4897.9864948010545
2,1,6,30061.848088448103
3,1,6,15134.941760095107
1,2,6,10048.999480814859
2,2,6,60369.94837893121
3,2,6,29823.995893123287
1,3,6,15168.982251305622
2,3,6,89680.75074260891
3,3,6,45071.75944670893
1,4,6,30014.99772206
2,4,6,179718.63702520085
3,4,6,90154.98510309661
1,5,6,40107.856213921856
2,5,6,240086.20713330887
3,5,6,119650.40082440201
1,1,7,4897.9834079408565
2,1,7,30061.816272803484
3,1,7,15134.929083270565
1,2,7,10048.999024179151
2,2,7,60369.93335345386
3,2,7,29823.993587449233
1,3,7,15168.977554526316
2,3,7,89680.69218243338
3,3,7,45071.71268138866
1,4,7,30014.995635636074
2,4,7,179718.548561844
3,4,7,90154.97514349458
1,5,7,40107.824849357
2,5,7,240085.85492298898
3,5,7,119650.27682643679
1,1,8,4897.980102643155
2,1,8,30061.78305533072
3,1,8,15134.915662497307
1,2,8,10048.998386151508
2,2,8,60369.91579484574
3,2,8,29823.990539457995
1,3,8,15168.972302988475
2,3,8,89680.62891680856
3,3,8,45071.66745988005
1,4,8,30014.992738734367
2,4,8,179718.4507770784
3,4,8,90154.96177135617
1,5,8,40107.79186072178
2,5,8,240085.4964951922
3,5,8,119650.14805123891
1,1,9,4897.976564718097
2,1,9,30061.74819306238
3,1,9,15134.901423612735
1,2,9,10048.997550131879
2,2,9,60369.8955152328
3,2,9,29823.98669012219
1,3,9,15168.966460783444
2,3,9,89680.56047091761
3,3,9,45071.62322394762
1,4,9,30014.98897889148
2,4,9,179718.342885077
3,4,9,90154.94482321842
1,5,9,40107.75710255064
2,5,9,240085.1288167769
3,5,9,119650.01369270818
1,1,10,4897.9727870978495
2,1,10,30061.711540711876
3,1,10,15134.886334784052
1,2,10,10048.996498789264
2,2,10,60369.87235852197
3,2,10,29823.98197897906
1,3,10,15168.960002707145
2,3,10,89680.48654054265
3,3,10,45071.57945515448
1,4,10,30014.984304219754
2,4,10,179718.22433848525
3,4,10,90154.92414367267
1,5,10,40107.72049668521
2,5,10,240084.74989014128
3,5,10,119649.8733471564
1,1,11,4897.968765347345
2,1,11,30061.67299905838
3,1,11,15134.870382226105
1,2,11,10048.995213068834
2,2,11,60369.84616643055
3,2,11,29823.976338968652
1,3,11,15168.952906549675
2,3,11,89680.40688940421
3,3,11,45071.53569576662
1,4,11,30014.978657735744
2,4,11,179718.09465337926
3,4,11,90154.89955514923
1,5,11,40107.6819928412
2,5,11,240084.3582925821
3,5,11,119649.7268028219
1,1,12,4897.964495260864
2,1,12,30061.632483033078
3,1,12,15134.853555792772
1,2,12,10048.993672105977
2,2,12,60369.81676451661
3,2,12,29823.96969571624
1,3,12,15168.945149216142
2,3,12,89680.32128927321
3,3,12,45071.491543538716
1,4,12,30014.971976163564
2,4,12,179717.95332235147
3,4,12,90154.87085095944
1,5,12,40107.64154656767
2,5,12,240083.95286402124
3,5,12,119649.5739075395
1,1,13,4897.959971806055
2,1,13,30061.58990552293
3,1,13,15134.835842041988
1,2,13,10048.991853456984
2,2,13,60369.78395904619
3,2,13,29823.961968553627
1,3,13,15168.93670521681
2,3,13,89680.22949215632
3,3,13,45071.44664048039
1,4,13,30014.96419053629
2,4,13,179717.79978242825
3,4,13,90154.83779838111
1,5,13,40107.59910895985
2,5,13,240083.53253220767
3,5,13,119649.41450050613
1,1,14,4897.955188774952
2,1,14,30061.54517069521
3,1,14,15134.817221701307
1,2,14,10048.989733337363
2,2,14,60369.74753808379
3,2,14,29823.953071721862
1,3,14,15168.92754630238
2,3,14,89680.13122066317
3,3,14,45071.40066219557
1,4,14,30014.95522711981
2,4,14,179717.63340931144
3,4,14,90154.8001439321
1,5,14,40107.554622787306
2,5,14,240083.09622825
3,5,14,119649.248383931
1,1,15,4897.950138738473
2,1,15,30061.498172068223
3,1,15,15134.797669255744
1,2,15,10048.987286759719
2,2,15,60369.707273304295
3,2,15,29823.942915143547
1,3,15,15168.917641512111
2,3,15,89680.02616655044
3,3,15,45071.35330927386
1,4,15,30014.945008069946
2,4,15,179717.45352070872
3,4,15,90154.75761743262
1,5,15,40107.50802153748
2,5,15,240082.64285108424
3,5,15,119649.07531522065
1,1,16,4897.944813095922
2,1,16,30061.448792484676
3,1,16,15134.77715332708
1,2,16,10048.984487565896
2,2,16,60369.662921180316
3,2,16,29823.931404685518
1,3,16,15168.906957288673
2,3,16,89679.91399188747
3,3,16,45071.304300614895
1,4,16,30014.933451712186
2,4,16,179717.2593806343
3,4,16,90154.70993406349
1,5,16,40107.45922950117
2,5,16,240082.17125435825
3,5,16,119648.89500778048
1,1,17,4897.939202130928
2,1,17,30061.396904583045
3,1,17,15134.755637201622
1,2,17,10048.981308383663
2,2,17,60369.61422331436
3,2,17,29823.91844204173
1,3,17,15168.895457537361
2,3,17,89679.79433037552
3,3,17,45071.25336824023
1,4,17,30014.920472522164
2,4,17,179717.05020192088
3,4,17,90154.6567947565
1,5,17,40107.40816206191
2,5,17,240081.6802416519
3,5,17,119648.70713430543
1,1,18,4897.9332950460575
2,1,18,30061.34237120258
3,1,18,15134.733079260885
1,2,18,10048.977720540186
2,2,18,60369.56090610492
3,2,18,29823.903924395465
1,3,18,15168.88310361058
2,3,18,89679.66678802815
3,3,18,45071.20025318924
1,4,18,30014.905980920266
2,4,18,179716.82514665357
3,4,18,90154.59788552705
1,5,18,40107.35472589321
2,5,18,240081.16856371993
3,5,18,119648.5113299535
1,1,19,4897.92707997368
2,1,19,30061.28504556647
3,1,19,15134.709433260608
1,2,19,10048.973693954877
2,2,19,60369.5026800028
3,2,19,29823.88774398012
1,3,19,15168.869854233624
2,3,19,89679.53094314826
3,3,19,45071.14470219903
1,4,19,30014.889882969506
2,4,19,179716.58332504838
3,4,19,90154.53287626221
1,5,19,40107.29881900503
2,5,19,240080.6349154835
3,5,19,119648.30719459172
1,1,20,4897.920543968274
2,1,20,30061.22477124881
3,1,20,15134.684648476374
1,2,20,10048.969197024033
2,2,20,60369.43923855183
3,2,20,29823.869787606785
1,3,20,15168.8556653924
2,3,20,89679.38634576272
3,3,20,45071.086464953245
1,4,20,30014.872080030385
2,4,20,179716.32379336207
3,4,20,90154.46141929088
1,5,20,40107.24033066102
2,5,20,240080.0779322576
3,5,20,119648.09429406513
1,1,21,4897.913672985869
2,1,21,30061.16138197423
3,1,21,15134.658669750741
1,2,21,10048.96419650239
2,2,21,60369.37025732572
3,2,21,29823.849936188344
1,3,21,15168.84049019826
2,3,21,89679.23251668827
3,3,21,45071.025291744976
1,4,21,30014.85246839864
2,4,21,179716.04555124952
3,4,21,90154.38314790069
1,5,21,40107.179141201676
2,5,21,240079.4961853081
3,5,21,119647.87216067735
1,1,22,4897.906451854632
2,1,22,30061.094701296748
3,1,22,15134.631437472113
1,2,22,10048.958657382753
2,2,22,60369.29539281128
3,2,22,29823.82806426732
1,3,22,15168.824278738586
2,3,22,89679.06894635034
3,3,22,45070.960931440975
1,4,22,30014.830938934912
2,4,22,179715.74753879907
3,4,22,90154.29767486289
1,5,22,40107.115121800656
2,5,22,240078.88817694288
3,5,22,119647.64029309095
1,1,23,4897.898864238969
2,1,23,30061.024542190204
3,1,23,15134.602887505924
1,2,23,10048.952542773064
2,2,23,60369.21428125199
3,2,23,29823.80403954428
1,3,23,15168.806977917055
2,3,23,89678.89509342494
3,3,23,45070.893129664895
1,4,23,30014.807376686967
2,4,23,179715.4286333461
3,4,23,90154.20459097183
1,5,23,40107.04813417056
2,5,23,240078.2523352938
3,5,23,119647.39815580541
1,1,24,4897.890892598306
2,1,24,30060.950706569743
3,1,24,15134.57295109042
1,2,24,10048.945813769782
2,2,24,60369.12653744921
3,2,24,29823.77772240047
1,3,24,15168.788531284685
2,3,24,89678.71038333589
3,3,24,45070.8216271397
1,4,24,30014.78166050201
2,4,24,179715.0876460943
3,4,24,90154.10346358379
1,5,24,40106.97803022615
2,5,24,240077.58700887085
3,5,24,119647.1451783166
1,1,25,4897.882518141037
2,1,25,30060.87298475477
3,1,25,15134.541554703685
1,2,25,10048.938429326447
2,2,25,60369.03175351231
3,2,25,29823.74896540841
1,3,25,15168.768878861549
2,3,25,89678.51420662008
3,3,25,45070.74615814599
1,4,25,30014.75366262575
2,4,25,179714.72331854035
3,4,25,90153.99383513401
1,5,25,40106.90465170803
2,5,25,240076.89046091758
3,5,25,119646.88075401922
1,1,26,4897.87372077376
2,1,26,30060.791154878694
3,1,26,15134.508619905215
1,2,26,10048.930346116538
2,2,26,60368.9294975486
3,2,26,29823.717612825527
1,3,26,15168.747956948451
2,3,26,89678.30591716239
3,3,26,45070.66644906442
1,4,26,30014.723248285398
2,4,26,179714.33431868654
3,4,26,90153.87522161323
1,5,26,40106.827829767695
2,5,26,240076.1608635629
3,5,26,119646.60423888742
1,1,27,4897.864479045795
2,1,27,30060.704982247833
3,1,27,15134.474063153597
1,2,27,10048.921518389878
2,2,27,60368.81931228461
3,2,27,29823.68350006693
1,3,27,15168.725697927694
2,3,27,89678.084830298
3,3,27,45070.58221697864
1,4,27,30014.69027525412
2,4,27,179713.91923702406
3,4,27,90153.74711098868
1,5,27,40106.747384513445
2,5,27,240075.39629175083
3,5,27,119646.31494995336
1,1,28,4897.854770088857
2,1,28,30060.614218650197
3,1,28,15134.437795600976
1,2,28,10048.911897821943
2,2,28,60368.70071361224
3,2,28,29823.646453154444
1,3,28,15168.702030052116
2,3,28,89677.85022077808
3,3,28,45070.4931683204
1,4,28,30014.654593394862
2,4,28,179713.47658227076
3,4,28,90153.6089615571
1,5,28,40106.66312451618
2,5,28,240074.59471692282
3,5,28,119646.01216359476
1,1,29,4897.84456955177
2,1,29,30060.518601614196
3,1,29,15134.399722864506
1,2,29,10048.901433355555
2,2,29,60368.5731890532
3,2,29,29823.60628813937
1,3,29,15168.67687722159
2,3,29,89677.60132059401
3,3,29,45070.39899754198
1,4,29,30014.61604418171
2,4,29,179713.00477684813
3,4,29,90153.46020022036
1,5,29,40106.57484627414
2,5,29,240073.75400042586
3,5,29,119645.6951136372
1,1,30,4897.833851530072
2,1,30,30060.417853616458
3,1,30,15134.359744774823
1,2,30,10048.89007103438
2,2,30,60368.43619613648
3,2,30,29823.562810496835
1,3,30,15168.65015874609
2,3,30,89677.33731665506
3,3,30,45070.299385803526
1,4,30,30014.574460197062
2,4,30,179712.50215208388
3,4,30,90153.30022067549
1,5,30,40106.482333635344
2,5,30,240072.87188661922
3,5,30,119645.36298927446
1,1,31,-4111.322914928166
2,1,31,-25223.295889636065
3,1,31,-12714.061774534899
1,2,31,-8452.311039038266
2,2,31,-50740.2748689672
3,2,31,-25099.520395592994
1,3,31,-12739.811852878138
2,3,31,-75283.31299588422
3,3,31,-37881.01274340953
1,4,31,-25327.654507698055
2,4,31,-151541.0430213382
3,4,31,-76114.22142873603
1,5,31,-33678.481860447224
2,5,31,-201407.12815474675
3,5,31,-100525.56630874865
1,1,32,-4111.312978478303
2,1,32,-25223.201989655623
3,1,32,-12714.02471530402
1,2,32,-8452.299824906542
2,2,32,-50740.14233224366
3,2,32,-25099.47769946506
1,3,32,-12739.786562880834
2,3,32,-75283.06379760714
3,3,32,-37880.919020541696
1,4,32,-25327.61383934599
2,4,32,-151540.56265930142
3,4,32,-76114.06576319743
1,5,32,-33678.39647377817
2,5,32,-201406.3125495229
3,5,32,-100525.25972399545
1,1,33,-4111.303663063784
2,1,33,-25223.112820243896
3,1,33,-12713.989543358815
1,2,33,-8452.289159881857
2,2,33,-50740.01539139947
3,2,33,-25099.4366480742
1,3,33,-12739.762736685294
2,3,33,-75282.82643798814
3,3,33,-37880.829756428364
1,4,33,-25327.57528065453
2,4,33,-151540.1043099946
3,4,33,-76113.91653550846
1,5,33,-33678.316519561
2,5,33,-201405.5395456575
3,5,33,-100524.96906319768
1,1,34,-4111.295985656682
2,1,34,-25223.03781746525
3,1,34,-12713.959899583171
1,2,34,-8452.280388576688
2,2,34,-50739.908693322446
3,2,34,-25099.40211040889
1,3,34,-12739.743109134204
2,3,34,-75282.62679518573
3,3,34,-37880.754555860934
1,4,34,-25327.54356270559
2,4,34,-151539.7189822047
3,4,34,-76113.79094953905
1,5,34,-33678.25062327606
2,5,34,-201404.8893186283
3,5,34,-100524.72408717024
1,1,35,-4111.290468089968
2,1,35,-25222.98275122979
3,1,35,-12713.938029900253
1,2,35,-8452.274257334859
2,2,35,-50739.831455089035
3,2,35,-25099.37720461048
1,3,35,-12739.729125013308
2,3,35,-75282.48086220467
3,3,35,-37880.699419181634
1,4,35,-25327.521271720147
2,4,35,-151539.43839167256
3,4,35,-76113.69993314086
1,5,35,-33678.20317883722
2,5,35,-201404.41052728373
3,5,35,-100524.54309267437
1,1,36,-4111.287194677759
2,1,36,-25222.949353583434
3,1,36,-12713.92462151238
1,2,36,-8452.270936822293
2,2,36,-50739.786661066726
3,2,36,-25099.362982438197
1,3,36,-12739.721055280213
2,3,36,-75282.39358430234
3,3,36,-37880.66624486948
1,4,36,-25327.508966333757
2,4,36,-151539.27249492035
3,4,36,-76113.64710014063
1,5,36,-33678.17486655956
2,5,36,-201404.11747082786
3,5,36,-100524.4316225027
1,1,37,-4111.285922110398
2,1,37,-25222.935982466333
3,1,37,-12713.919052992082
1,2,37,-8452.27014217396
2,2,37,-50739.77196371206
3,2,37,-25099.358704115628
1,3,37,-12739.718274662551
2,3,37,-75282.36059872275
3,3,37,-37880.65345106797
1,4,37,-25327.50561915042
2,4,37,-151539.21282163303
3,4,37,-76113.62977101452
1,5,37,-33678.16359857521
2,5,37,-201403.99590308996
3,5,37,-100524.38453923579
1,1,38,-4111.286206907806
2,1,38,-25222.938719668255
3,1,38,-12713.919816697748
1,2,38,-8452.271295955885
2,2,38,-50739.781347145654
3,2,38,-25099.362383456766
1,3,38,-12739.719600306313
2,3,38,-75282.37121953482
3,3,38,-37880.657077880394
1,4,38,-25327.50919472654
2,4,38,-151539.2383317469
3,4,38,-76113.6409156997
1,5,38,-33678.165603023794
2,5,38,-201404.012416196
3,5,38,-100524.38948875785
1,1,39,-4111.287524600679
2,1,39,-25222.95253410881
3,1,39,-12713.924968004652
1,2,39,-8452.273692348526
2,2,39,-50739.80695795218
3,2,39,-25099.371400025248
1,3,39,-12739.723616559975
2,3,39,-75282.41164101422
3,3,39,-37880.671980040905
1,4,39,-25327.517222395178
2,4,39,-151539.3217541445
3,4,39,-76113.67130630922
1,5,39,-33678.176432094486
2,5,39,-201404.12429343705
3,5,39,-100524.43056862362
1,1,40,-4111.289365629648
2,1,40,-25222.972292219147
3,1,40,-12713.932516104382
1,2,40,-8452.276635938975
2,2,40,-50739.84073355983
3,2,40,-25099.383050187735
1,3,40,-12739.7289408123
2,3,40,-75282.46774252031
3,3,40,-37880.692875889465
1,4,40,-25327.527275214397
2,4,40,-151539.43516547058
3,4,40,-76113.7114386754
1,5,40,-33678.19177001527
2,5,40,-201404.28801829886
3,5,40,-100524.49151094482
1,1,41,-4111.291301237413
2,1,41,-25222.993502791403
3,1,41,-12713.940712671556
1,2,41,-8452.279540988719
2,2,41,-50739.87562468545
3,2,41,-25099.394964824365
1,3,41,-12739.734408759914
2,3,41,-75282.52716921264
3,3,41,-37880.7151287712
1,4,41,-25327.53730944781
2,4,41,-151539.55414444083
3,4,41,-76113.75297958567
1,5,41,-33678.20798641615
2,5,41,-201404.46551938867
3,5,41,-100524.55802867605
1,1,42,-4111.293018935182
2,1,42,-25223.01276187601
3,1,42,-12713.948225085122
1,2,42,-8452.28198729148
2,2,42,-50739.90633773551
3,2,42,-25099.405365716804
1,3,42,-12739.73917578163
2,3,42,-75282.58058228747
3,3,42,-37880.73521954194
1,4,42,-25327.545853719254
2,4,42,-151539.6602761857
3,4,42,-76113.789650138
1,5,42,-33678.22243301089
2,5,42,-201404.62788476914
3,5,42,-100524.61922090723
1,1,43,-4111.294331494379
2,1,43,-25223.0279187744
3,1,43,-12713.954202269966
1,2,43,-8452.283736375786
2,2,43,-50739.92961906497
3,2,43,-25099.41316601369
1,3,43,-12739.742744097355
2,3,43,-75282.62213027787
3,3,43,-37880.7509282397
1,4,43,-25327.552062412506
2,4,43,-151539.742100389
3,4,43,-76113.81756942345
1,5,43,-33678.23351774224
2,5,43,-201404.7567378507
3,5,43,-100524.66810543317
1,1,44,-4111.295165929071
2,1,44,-25223.038018738076
3,1,44,-12713.95825447924
1,2,44,-8452.284716642152
2,2,44,-50739.944165715075
3,2,44,-25099.417942380445
1,3,44,-12739.74493313608
2,3,44,-75282.64929290157
3,3,44,-37880.761280665705
1,4,44,-25327.55566363201
2,4,44,-151539.79480112635
3,4,44,-76113.83515711028
1,5,44,-33678.24061120123
2,5,44,-201404.84374936542
3,5,44,-100524.70145330967
1,1,45,-4111.295539822916
2,1,45,-25223.043094017943
3,1,45,-12713.960374465221
1,2,45,-8452.284988205523
2,2,45,-50739.95027878346
3,2,45,-25099.41981795822
1,3,45,-12739.745813567179
2,3,45,-75282.66229664069
3,3,45,-37880.766333765285
1,4,45,-25327.556838814875
2,4,45,-151539.8190354049
3,4,45,-76113.84273104313
1,5,45,-33678.243847243284
2,5,45,-201404.888888019
3,5,45,-100524.71914879727
1,1,46,-4111.2955319727025
2,1,46,-25223.043875954943
3,1,46,-12713.96082788259
1,2,46,-8452.284698192216
2,2,46,-50739.94938086423
3,2,46,-25099.41929763749
1,3,46,-12739.745624722293
2,3,46,-75282.66330614613
3,3,46,-37880.76687582859
1,4,46,-25327.556070538325
2,4,46,-151539.8193097455
3,4,46,-76113.8419425436
1,5,46,-33678.24387629165
2,5,46,-201404.89801688175
3,5,46,-100524.72330055888
1,1,47,-4111.295253087489
2,1,47,-25223.041491197127
3,1,47,-12713.96003710314
1,2,47,-8452.284035648167
2,2,47,-50739.94350495873
3,2,47,-25099.41709270718
1,3,47,-12739.74469183569
2,3,47,-75282.65556970035
3,3,47,-37880.7641081171
1,4,47,-25327.55398938334
2,4,47,-151539.80226365995
3,4,47,-76113.83517587114
1,5,47,-33678.24161935111
2,5,47,-201404.88035994986
3,5,47,-100524.7172998282
1,1,48,-4111.294820611637
2,1,48,-25223.037189343693
3,1,48,-12713.95847660479
1,2,48,-8452.283192728706
2,2,48,-50739.93483649655
3,2,48,-25099.413963276016
1,3,48,-12739.743354858789
2,3,48,-75282.64265299386
3,3,48,-37880.759358275034
1,4,48,-25327.551242177895
2,4,48,-151539.7751310498
3,4,48,-76113.82500822117
1,5,48,-33678.2380567035
2,5,48,-201404.84623075472
3,5,48,-100524.70497233907
1,1,49,-4111.294339987506
2,1,49,-25223.03213136848
3,1,49,-12713.956591258742
1,2,49,-8452.28233607435
2,2,49,-50739.925359706314
3,2,49,-25099.410596446272
1,3,49,-12739.74191560869
2,3,49,-75282.62784486286
3,3,49,-37880.753857089665
1,4,49,-25327.548394594014
2,4,49,-151539.74454872968
3,4,49,-76113.81379102851
1,5,49,-33678.23407057651
2,5,49,-201404.80526549884
3,5,49,-100524.6899154148
1,1,50,-4111.293893104892
2,1,50,-25223.02725122045
3,1,50,-12713.954742374517
1,2,50,-8452.2815897142
2,2,50,-50739.91663026353
3,2,50,-25099.407528070704
1,3,50,-12739.740605487212
2,3,50,-75282.61377050594
3,3,50,-37880.748592228854
1,4,50,-25327.54587248931
2,4,50,-151539.71578404505
3,4,50,-76113.80337894171
1,5,50,-33678.23034797149
2,5,50,-201404.76526276203
3,5,50,-100524.67505938999
1,1,51,-4111.293533464189
2,1,51,-25223.023189143354
3,1,51,-12713.953181073204
1,2,51,-8452.281028794656
2,2,51,-50739.909671860056
3,2,51,-25099.40510745016
1,3,51,-12739.739572458811
2,3,51,-75282.60220819098
3,3,51,-37880.74423781078
1,4,51,-25327.54393958532
2,4,51,-151539.69237353865
3,4,51,-76113.7950042754
1,5,51,-33678.227339660494
2,5,51,-201404.7316174454
3,5,51,-100524.66244986434
1,1,52,-4111.293286778127
2,1,52,-25223.020285568207
3,1,52,-12713.95204484888
1,2,52,-8452.280682058416
2,2,52,-50739.90497718355
3,2,52,-25099.40349829823
1,3,52,-12739.738883625962
2,3,52,-75282.59407773966
3,3,52,-37880.7411482489
1,4,52,-25327.542704535703
2,4,52,-151539.67610836503
3,4,52,-76113.78927450492
1,5,52,-33678.2252646854
2,5,52,-201404.7072568507
3,5,52,-100524.65321739276
1,1,53,-4111.293155344398
2,1,53,-25223.01861908444
3,1,53,-12713.951371114468
1,2,53,-8452.280540308595
2,2,53,-50739.902584240524
3,2,53,-25099.402705906698
1,3,53,-12739.738538578664
2,3,53,-75282.58955372527
3,3,53,-37880.739398999205
1,4,53,-25327.542148171873
2,4,53,-151539.66727096177
3,4,53,-76113.78625901633
1,5,53,-33678.22414643121
2,5,53,-201404.6929428652
3,5,53,-100524.6476846039
1,1,54,-4111.2931244754
2,1,54,-25223.018070501905
3,1,54,-12713.95112092824
1,2,54,-8452.28056799444
2,2,54,-50739.90219624783
3,2,54,-25099.402619446944
1,3,54,-12739.738488546656
2,3,54,-75282.58825199916
3,3,54,-37880.738855134165
1,4,54,-25327.542161405578
2,4,54,-151539.6650187008
3,4,54,-76113.78562799384
1,5,54,-33678.22386597146
2,5,54,-201404.68779200673
3,5,54,-100524.64555591426
1,1,55,-4111.293169478714
2,1,55,-25223.018396484997
3,1,55,-12713.95120662484
1,2,55,-8452.28071539746
2,2,55,-50739.903315923606
3,2,55,-25099.403059216424
1,3,55,-12739.738656980157
2,3,55,-75282.58944235237
3,3,55,-37880.739250149476
1,4,55,-25327.542585410014
2,4,55,-151539.66781877552
3,4,55,-76113.78680924006
1,5,55,-33678.22422011691
2,5,55,-201404.68987718972
3,5,55,-100524.64613925488
1,1,56,-4111.293262040584
2,1,56,-25223.019299618514
3,1,56,-12713.951518332784
1,2,56,-8452.280929507615
2,2,56,-50739.90537106682
3,2,56,-25099.403820737945
1,3,56,-12739.738958230759
2,3,56,-75282.59224980832
3,3,56,-37880.74026096113
1,4,56,-25327.543247720547
2,4,56,-151539.6738583077
3,4,56,-76113.78913570859
1,5,56,-33678.22497458882
2,5,56,-201404.6968028161
3,5,56,-100524.648559345
1,1,57,-4111.293375281098
2,1,57,-25223.020486030175
3,1,57,-12713.951945961928
1,2,57,-8452.281162395011
2,2,57,-50739.907815987826
3,2,57,-25099.40471029947
1,3,57,-12739.739312222693
2,3,57,-75282.59581929313
3,3,57,-37880.74156957861
1,4,57,-25327.543990257236
2,4,57,-151539.68137861197
3,4,57,-76113.79196544184
1,5,57,-33678.2259062063
2,5,57,-201404.70617979162
3,5,57,-100524.65193492612
1,1,58,-4111.293487148751
2,1,58,-25223.02170599231
3,1,58,-12713.952394866494
1,2,58,-8452.281376571513
2,2,58,-50739.91020108984
3,2,58,-25099.405569236256
1,3,58,-12739.739654174344
2,3,58,-75282.59943078087
3,3,58,-37880.74290652754
1,4,58,-25327.544687540332
2,4,58,-151539.6889077064
3,4,58,-76113.79476463348
1,5,58,-33678.226831298925
2,5,58,-201404.71596232016
3,5,58,-100524.6555054108
1,1,59,-4111.293582152747
2,1,59,-25223.022776639435
3,1,59,-12713.952794797151
1,2,59,-8452.281547406614
2,2,59,-50739.9122095775
3,2,59,-25099.406286605987
1,3,59,-12739.739939399306
2,3,59,-75282.60256268155
3,3,59,-37880.74407507539
1,4,59,-25327.545255248468
2,4,59,-151539.69538687923
3,4,59,-76113.79715235543
1,5,59,-33678.2276203088
2,5,59,-201404.7246388031
3,5,59,-100524.65870372466
1,1,60,-4111.293651666869
2,1,60,-25223.023588712113
3,1,60,-12713.95310281344
1,2,60,-8452.28166306481
2,2,60,-50739.91366522629
3,2,60,-25099.40680165556
1,3,60,-12739.740143905115
2,3,60,-75282.60490919587
3,3,60,-37880.74495829589
1,4,60,-25327.54565059949
2,4,60,-151539.7002032994
3,4,60,-76113.79891132674
1,5,60,-33678.22820050791
2,5,60,-201404.73129196232
3,5,60,-100524.66118063168
1,1,61,-5895.6992348317
2,1,61,-36170.73022370016
3,1,61,-18232.184695451084
1,2,61,-12116.600946979868
2,2,61,-72737.74596479464
3,2,61,-35980.83570954375
1,3,61,-18267.271291670324
2,3,61,-107947.13863721388
3,3,61,-54316.64125266869
1,4,61,-36288.36046822129
2,4,61,-217122.4567563035
3,4,61,-109053.28802399588
1,5,61,-48296.15349786974
2,5,61,-288826.40069550026
3,5,61,-144157.5024079184
1,1,62,-5895.699256805328
2,1,62,-36170.730526101564
3,1,62,-18232.184828071604
1,2,62,-12116.600961120932
2,2,62,-72737.74633793016
3,2,62,-35980.835845455615
1,3,62,-18267.271346322254
2,3,62,-107947.13943955983
3,3,62,-54316.64159518969
1,4,62,-36288.36054832118
2,4,62,-217122.458299531
3,4,62,-109053.28861286402
1,5,62,-48296.15369142053
2,5,62,-288826.40332642593
3,5,62,-144157.50351819186
1,1,63,-5895.6992485558985
2,1,63,-36170.73050384327
3,1,63,-18232.184828580674
1,2,63,-12116.600921708401
2,2,63,-72737.74611421952
3,2,63,-35980.835748820355
1,3,63,-18267.27131081726
2,3,63,-107947.1392980061
3,3,63,-54316.64155489118
1,4,63,-36288.36044948414
2,4,63,-217122.45789854505
3,4,63,-109053.28842343467
1,5,63,-48296.15363330461
2,5,63,-288826.4033192804
3,5,63,-144157.5035688923
1,1,64,-5895.699219027777
2,1,64,-36170.73024407837
3,1,64,-18232.18473096829
1,2,64,-12116.600847935577
2,2,64,-72737.74547849936
3,2,64,-35980.83549250706
1,3,64,-18267.271213316948
2,3,64,-107947.13847648476
3,3,64,-54316.641235996474
1,4,64,-36288.360231221275
2,4,64,-217122.45611110688
3,4,64,-109053.28768143567
1,5,64,-48296.15339642929
2,5,64,-288826.40135868505
3,5,64,-144157.50282603494
1,1,65,-5895.699178448893
2,1,65,-36170.72984922756
3,1,65,-18232.184576090436
1,2,65,-12116.600760028325
2,2,65,-72737.7446342864
3,2,65,-35980.83515649833
1,3,65,-18267.271085226093
2,3,65,-107947.13727904805
3,3,65,-54316.64076025319
1,4,65,-36288.359958136905
2,4,65,-217122.45357190713
3,4,65,-109053.28664276363
1,5,65,-48296.153065003426
2,5,65,-288826.3982624933
3,5,65,-144157.50161324473
1,1,66,-5895.699136332463
2,1,66,-36170.72941771353
3,1,66,-18232.184403809002
1,2,66,-12116.600675715683
2,2,66,-72737.74376863286
3,2,66,-35980.83481420974
1,3,66,-18267.270955266187
2,3,66,-107947.13599416026
3,3,66,-54316.64024436465
1,4,66,-36288.359688201985
2,4,66,-217122.45087833432
3,4,66,-109053.28554798843
1,5,66,-48296.15271788198
2,5,66,-288826.3948248355
3,5,66,-144157.50024865117
1,1,67,-5895.699100085794
2,1,67,-36170.72902934722
3,1,67,-18232.184246891014
1,2,67,-12116.600607932774
2,2,67,-72737.74302666329
3,2,67,-35980.834522495614
1,3,67,-18267.270845420608
2,3,67,-107947.13485294662
3,3,67,-54316.639782742845
1,4,67,-36288.35946489449
2,4,67,-217122.4485055006
3,4,67,-109053.28458820081
1,5,67,-48296.15241688774
2,5,67,-288826.3916959274
3,5,67,-144157.49899557128
1,1,68,-5895.69907430827
2,1,68,-36170.72873705963
3,1,68,-18232.18412744888
1,2,68,-12116.600563848244
2,2,68,-72737.74249846213
3,2,68,-35980.83431648511
1,3,68,-18267.270768971295
2,3,68,-107947.13400612508
3,3,68,-54316.639437736725
1,4,68,-36288.35931358853
2,4,68,-217122.4467599917
3,4,68,-109053.28388634168
1,5,68,-48296.15220082432
2,5,68,-288826.3893128335
3,5,68,-144157.49803337996
1,1,69,-5895.699060727188
2,1,69,-36170.72856495289
3,1,69,-18232.184055963153
1,2,69,-12116.600545066818
2,2,69,-72737.74221782747
3,2,69,-35980.83420909328
1,3,69,-18267.2707304484
2,3,69,-107947.13351935935
3,3,69,-54316.63923735581
1,4,69,-36288.35924178062
2,4,69,-217122.44577157628
3,4,69,-109053.28349383561
1,5,69,-48296.152084783724
2,5,69,-288826.38788138196
3,5,69,-144157.49744902476
1,1,70,-5895.699058623884
2,1,70,-36170.72851150136
3,1,70,-18232.18403244063
1,2,70,-12116.600548693423
2,2,70,-72737.74217037555
3,2,70,-35980.834194228446
1,3,70,-18267.270727032115
2,3,70,-107947.13338348863
3,3,70,-54316.639179118145
1,4,70,-36288.359242188024
2,4,70,-217122.44551541161
3,4,70,-109053.28339956705
1,5,70,-48296.15206354541
2,5,70,-288826.38740007527
3,5,70,-144157.49724570444
1,1,71,-5895.699065557764
2,1,71,-36170.72855613644
3,1,71,-18232.184049000716
1,2,71,-12116.600568877802
2,2,71,-72737.74230748153
3,2,71,-35980.83425231105
1,3,71,-18267.270750818123
2,3,71,-107947.13353440087
3,3,71,-54316.63923792501
1,4,71,-36288.35929751269
2,4,71,-217122.44585386463
3,4,71,-109053.2835468186
1,5,71,-48296.15211748377
2,5,71,-288826.3877118846
3,5,71,-144157.49736311394
1,1,72,-5895.699078194745
2,1,72,-36170.72866731432
3,1,72,-18232.184093116193
1,2,72,-12116.60059847158
2,2,72,-72737.74256240649
3,2,72,-35980.8343566605
1,3,72,-18267.270791361487
2,3,72,-107947.13387697554
3,3,72,-54316.639375698964
1,4,72,-36288.359385685435
2,4,72,-217122.44658642603
3,4,72,-109053.28385350824
1,5,72,-48296.152219382944
2,5,72,-288826.38856861816
3,5,72,-144157.4977030908
1,1,73,-5895.699093077696
2,1,73,-36170.728810385765
3,1,73,-18232.184150815934
1,2,73,-12116.600630500041
2,2,73,-72737.74286547264
3,2,73,-35980.83447950628
1,3,73,-18267.27083801269
2,3,73,-107947.13430820426
3,3,73,-54316.63955078047
1,4,73,-36288.359484616136
2,4,73,-217122.44749764662
3,4,73,-109053.28423164056
1,5,73,-48296.15234080932
2,5,73,-288826.3896942385
3,5,73,-144157.49815512096
1,1,74,-5895.69910722646
2,1,74,-36170.728954031816
3,1,74,-18232.18420933396
1,2,74,-12116.600659253083
2,2,74,-72737.74315605432
3,2,74,-35980.834596737084
1,3,74,-18267.270881713775
2,3,74,-107947.13473592457
3,3,74,-54316.63972560729
1,4,74,-36288.35957579419
2,4,74,-217122.44839578972
3,4,74,-109053.28460300047
1,5,74,-48296.152457102435
2,5,74,-288826.3908370363
3,5,74,-144157.4986175542
1,1,75,-5895.699118511027
2,1,75,-36170.72907456698
3,1,75,-18232.184258907113
1,2,75,-12116.600680909038
2,2,75,-72737.7433902072
3,2,75,-35980.83469091957
1,3,75,-18267.270916092915
2,3,75,-107947.1350911877
3,3,75,-54316.63987184285
1,4,75,-36288.35964643173
2,4,75,-217122.44913818286
3,4,75,-109053.28490945112
1,5,75,-48296.15255050634
2,5,75,-288826.3918048821
3,5,75,-144157.4990121101
1,1,76,-5895.699125792699
2,1,76,-36170.729157932634
3,1,76,-18232.184293636812
1,2,76,-12116.600693702128
2,2,76,-72737.74354375059
3,2,76,-35980.83475251194
1,3,76,-18267.2709378506
2,3,76,-107947.13533380523
3,3,76,-54316.63997274123
1,4,76,-36288.359690154706
2,4,76,-217122.44964239537
3,4,76,-109053.28511747216
1,5,76,-48296.15261138836
2,5,76,-288826.3924819773
3,5,76,-144157.49929095694
1,1,77,-5895.699128867461
2,1,77,-36170.72919962395
3,1,77,-18232.18431150461
1,2,77,-12116.600697715981
2,2,77,-72737.74361140095
3,2,77,-35980.834779509074
1,3,77,-18267.270946548197
2,3,77,-107947.13545184316
3,3,77,-54316.64002304004
1,4,77,-36288.35970648259
2,4,77,-217122.44988488845
3,4,77,-109053.28521760204
1,5,77,-48296.152637819476
2,5,77,-288826.39282894455
3,5,77,-144157.4994370405
1,1,78,-5895.699128269744
2,1,78,-36170.72920307197
3,1,78,-18232.184313747843
1,2,78,-12116.60069442675
2,2,78,-72737.74360305196
3,2,78,-35980.83477595367
1,3,78,-18267.270943980253
2,3,78,-107947.13545663077
3,3,78,-54316.640027005036
1,4,78,-36288.35969947632
2,4,78,-217122.44989042095
3,4,78,-109053.2852201134
1,5,78,-48296.15263399173
2,5,78,-288826.39287036774
3,5,78,-144157.49945928022
1,1,79,-5895.699125003315
2,1,79,-36170.729177125984
3,1,79,-18232.184303855487
1,2,79,-12116.600686130329
2,2,79,-72737.74353849508
3,2,79,-35980.83474982756
1,3,79,-18267.270933335458
2,3,79,-107947.13537519924
3,3,79,-54316.63999539896
1,4,79,-36288.35967597706
2,4,79,-217122.4497161945
3,4,79,-109053.28514854152
1,5,79,-48296.1526080207
2,5,79,-288826.3926749297
3,5,79,-144157.49938469112
1,1,80,-5895.699120261423
2,1,80,-36170.72913326993
3,1,80,-18232.184286442516
1,2,80,-12116.600675374526
2,2,80,-72737.74344181473
3,2,80,-35980.83471081424
1,3,80,-18267.270918335285
2,3,80,-107947.13524201464
3,3,80,-54316.63994213358
1,4,80,-36288.359643821736
2,4,80,-217122.4494346056
3,4,80,-109053.28503263938
1,5,80,-48296.152569646336
2,5,80,-288826.39233323466
3,5,80,-144157.49924948392
1,1,81,-5895.6991151847715
2,1,81,-36170.729083093516
3,1,81,-18232.18426621708
1,2,81,-12116.600664487174
2,2,81,-72737.74333644636
3,2,81,-35980.834668325966
1,3,81,-18267.270902496704
2,3,81,-107947.13509152712
3,3,81,-54316.63988122911
1,4,81,-36288.35961033145
2,4,81,-217122.4491177511
3,4,81,-109053.2849020426
1,5,81,-48296.15252823495
2,5,81,-288826.3919375207
3,5,81,-144157.49909085577
1,1,82,-5895.699110687693
2,1,82,-36170.729036368975
3,1,82,-18232.184247186822
1,2,82,-12116.600655253582
2,2,82,-72737.74324153842
3,2,82,-35980.834630051104
1,3,82,-18267.270888608942
2,3,82,-107947.13495255203
3,3,82,-54316.63982450197
1,4,82,-36288.35958125179
2,4,82,-217122.44882577835
3,4,82,-109053.28478149972
1,5,82,-48296.152491335684
2,5,82,-288826.39156612044
3,5,82,-144157.4989406476
1,1,83,-5895.699107364206
2,1,83,-36170.72899989888
3,1,83,-18232.184232175423
1,2,83,-12116.600648759557
2,2,83,-72737.7431698923
3,2,83,-35980.834601131246
1,3,83,-18267.2708784573
2,3,83,-107947.13484495014
3,3,83,-54316.63978017962
1,4,83,-36288.35956020716
2,4,83,-217122.4486000345
3,4,83,-109053.28468806006
1,5,83,-48296.152463891536
2,5,83,-288826.39127404196
3,5,83,-144157.49882144632
1,1,84,-5895.6991054696555
2,1,84,-36170.728977133615
3,1,84,-18232.184222652075
1,2,84,-12116.600645385506
2,2,84,-72737.7431274313
3,2,84,-35980.83458394916
1,3,84,-18267.27087277859
2,3,84,-107947.13477858438
3,3,84,-54316.63975244084
1,4,84,-36288.35954863232
2,4,84,-217122.44846095296
3,4,84,-109053.28463019722
1,5,84,-48296.152448072484
2,5,84,-288826.3910897017
3,5,84,-144157.49874516713
1,1,85,-5895.699104962348
2,1,85,-36170.72896843152
3,1,85,-18232.18421882471
1,2,85,-12116.600644915994
2,2,85,-72737.74311391368
3,2,85,-35980.834578413924
1,3,85,-18267.270871398523
2,3,85,-107947.1347541646
3,3,85,-54316.639741729516
1,4,85,-36288.35954607584
2,4,85,-217122.44840986052
3,4,85,-109053.28460853791
1,5,85,-48296.15244360449
2,5,85,-288826.3910168244
3,5,85,-144157.4987137357
1,1,86,-5895.699105583567
2,1,86,-36170.728971760895
3,1,86,-18232.184219916762
1,2,86,-12116.600646719155
2,2,86,-72737.74312447169
3,2,86,-35980.83458257678
1,3,86,-18267.27087348408
2,3,86,-107947.1347653789
3,3,86,-54316.63974560069
1,4,86,-36288.359550735295
2,4,86,-217122.4484334498
3,4,86,-109053.28461768491
1,5,86,-48296.15244841813
2,5,86,-288826.39103992324
3,5,86,-144157.49872123962
1,1,87,-5895.699106953408
2,1,87,-36170.7289836204
3,1,87,-18232.184224536923
1,2,87,-12116.600649949907
2,2,87,-72737.74315152624
3,2,87,-35980.83459339786
1,3,87,-18267.270877841383
2,3,87,-107947.13480164798
3,3,87,-54316.63975983008
1,4,87,-36288.35956008073
2,4,87,-217122.4485095355
3,4,87,-109053.28464857074
1,5,87,-48296.15245943131
2,5,87,-288826.3911315776
3,5,87,-144157.49875683404
1,1,88,-5895.699108662869
2,1,88,-36170.7289999734
3,1,88,-18232.184231058465
1,2,88,-12116.60065373837
2,2,88,-72737.74318667498
3,2,88,-35980.83460750298
1,3,88,-18267.270883199286
2,3,88,-107947.13485089973
3,3,88,-54316.63977954128
1,4,88,-36288.35957144343
2,4,88,-217122.4486128428
3,4,88,-109053.28469082978
1,5,88,-48296.15247330488
2,5,88,-288826.3912598726
3,5,88,-144157.49880773862
1,1,89,-5895.699110348008
2,1,89,-36170.72901704008
3,1,89,-18232.184237943697
1,2,89,-12116.600657336494
2,2,89,-72737.74322225433
3,2,89,-35980.834621810434
1,3,89,-18267.27088843589
2,3,89,-107947.13490190645
3,3,89,-54316.63980016235
1,4,89,-36288.35958248299
2,4,89,-217122.4487198783
3,4,89,-109053.28473479948
1,5,89,-48296.15248705396
2,5,89,-288826.39139474125
3,5,89,-144157.49886181217
1,1,90,-5895.699111738465
2,1,90,-36170.72903185275
3,1,90,-18232.184243973894
1,2,90,-12116.600660209362
2,2,90,-72737.74325240102
3,2,90,-35980.83463395806
1,3,90,-18267.270892725053
2,3,90,-107947.13494591044
3,3,90,-54316.63981809762
1,4,90,-36288.35959148664
2,4,90,-217122.44881231492
3,4,90,-109053.28477291619
1,5,90,-48296.152498450196
2,5,90,-288826.39151243964
3,5,90,-144157.49890938716
1,1,91,-4111.765484501863
2,1,91,-25226.110290576922
3,1,91,-12715.449723075111
1,2,91,-8452.82108023907
2,2,91,-50743.53382218762
3,2,91,-25101.06314177484
1,3,91,-12740.95078996789
2,3,91,-75290.34585491507
3,3,91,-37884.456737063636
1,4,91,-25329.591651770992
2,4,91,-151553.36474861653
3,4,91,-76120.1444003066
1,5,91,-33682.46726454586
2,5,91,-201431.89476355587
3,5,91,-100537.61981061095
1,1,92,-4111.765484820119
2,1,92,-25226.110294986483
3,1,92,-12715.449724779932
1,2,92,-8452.821080806849
2,2,92,-50743.533830530745
3,2,92,-25101.06314488829
1,3,92,-12740.950790921332
2,3,92,-75290.34586777628
3,3,92,-37884.45674203322
1,4,92,-25329.591653745556
2,4,92,-151553.36477581994
3,4,92,-76120.14441080352
1,5,92,-33682.467267204935
2,5,92,-201431.89479920166
3,5,92,-100537.61982425206
1,1,93,-4111.765484835776
2,1,93,-25226.11029602915
3,1,93,-12715.44972523043
1,2,93,-8452.82108073976
2,2,93,-50743.53383197364
3,2,93,-25101.06314544492
1,3,93,-12740.950790938821
2,3,93,-75290.34587061864
3,3,93,-37884.45674326455
1,4,93,-25329.591653755775
2,4,93,-151553.36478211483
3,4,93,-76120.14441336748
1,5,93,-33682.467267383814
2,5,93,-201431.89480813296
3,5,93,-100537.6198279933
1,1,94,-4111.765484632385
2,1,94,-25226.110294480663
3,1,94,-12715.449724707874
1,2,94,-8452.8210802262
2,2,94,-50743.533828200154
3,2,94,-25101.063144067553
1,3,94,-12740.950790283126
2,3,94,-75290.34586578667
3,3,94,-37884.456741612106
1,4,94,-25329.591652357994
2,4,94,-151553.36477235847
3,4,94,-76120.14440982537
1,5,94,-33682.467265760744
2,5,94,-201431.89479641322
3,5,94,-100537.61982402932
1,1,95,-4111.7654843006985
2,1,95,-25226.1102912843
3,1,95,-12715.449723559415
1,2,95,-8452.821079463361
2,2,95,-50743.5338211915
3,2,95,-25101.063141488903
1,3,95,-12740.950789237168
2,3,95,-75290.3458561065
3,3,95,-37884.456738118795
1,4,95,-25329.591650147166
2,4,95,-151553.3647524189
3,4,95,-76120.1444023917
1,5,95,-33682.46726307622
2,5,95,-201431.89477148143
3,5,95,-100537.61981508734
1,1,96,-4111.765483923695
2,1,96,-25226.110287356893
3,1,96,-12715.449722124873
1,2,96,-8452.8210786271
2,2,96,-50743.53381283792
3,2,96,-25101.06313840728
1,3,96,-12740.95078805813
2,3,96,-75290.34584431142
3,3,96,-37884.45673379915
1,4,96,-25329.591647661982
2,4,96,-151553.36472798037
3,4,96,-76120.14439321365
1,5,96,-33682.467260009515
2,5,96,-201431.89474060276
3,5,96,-100537.61980384651
1,1,97,-4111.765483567069
2,1,97,-25226.110283461243
3,1,97,-12715.449720688648
1,2,97,-8452.82107785349
2,2,97,-50743.5338046886
3,2,97,-25101.06313539469
1,3,97,-12740.950786948568
2,3,97,-75290.34583266634
3,3,97,-37884.45672949806
1,4,97,-25329.591645325483
2,4,97,-151553.36470376185
3,4,97,-76120.14438407583
1,5,97,-33682.46725709995
2,5,97,-201431.89470984493
3,5,97,-100537.61979255536
1,1,98,-4111.76548327492
2,1,98,-25226.11028013985
3,1,98,-12715.449719454502
1,2,98,-8452.821077231256
2,2,98,-50743.533797826836
3,2,98,-25101.063132851275
1,3,98,-12740.95078604353
2,3,98,-75290.34582277446
3,3,98,-37884.456725817545
1,4,98,-25329.591643419095
2,4,98,-151553.3646831136
3,4,98,-76120.14437624856
1,5,98,-33682.467254710806
2,5,98,-201431.89468354083
3,5,98,-100537.61978282974
1,1,99,-4111.765483069697
2,1,99,-25226.110277699914
3,1,99,-12715.449718539461
1,2,99,-8452.82107680289
2,2,99,-50743.53379284854
3,2,99,-25101.063130997813
1,3,99,-12740.95078541086
2,3,99,-75290.34581553636
3,3,99,-37884.45672310021
1,4,99,-25329.591642083808
2,4,99,-151553.36466792965
3,4,99,-76120.1443704548
1,5,99,-33682.467253028335
2,5,99,-201431.8946641608
3,5,99,-100537.6197756023
1,1,100,-4111.7654829552175
2,1,100,-25226.110276236497
3,1,100,-12715.449717981912
1,2,100,-8452.821076571901
2,2,100,-50743.53378991633
3,2,100,-25101.063129895712
1,3,100,-12740.950785060817
2,3,100,-75290.34581122152
3,3,100,-37884.45672145465
1,4,100,-25329.591641340605
2,4,100,-151553.36465879364
3,4,100,-76120.1443669247
1,5,100,-33682.467252086004
2,5,100,-201431.89465248963
3,5,100,-100537.61977118462
1,1,101,-4111.765482921439
2,1,101,-25226.11027567931
3,1,101,-12715.449717758607
1,2,101,-8452.821076513408
2,2,101,-50743.53378885954
3,2,101,-25101.063129483784
1,3,101,-12740.950784961049
2,3,101,-75290.34580960943
3,3,101,-37884.456720806804
1,4,101,-25329.59164112182
2,4,101,-151553.36465526963
3,4,101,-76120.14436550396
1,5,101,-33682.4672518034
2,5,101,-201431.8946479944
3,5,101,-100537.61976940029
1,1,102,-4111.765482949825
2,1,102,-25226.11027584971
3,1,102,-12715.449717805555
1,2,102,-8452.821076585673
2,2,102,-50743.53378929277
3,2,102,-25101.06312962173
1,3,102,-12740.950785053295
2,3,102,-75290.34581015997
3,3,102,-37884.456720962626
1,4,102,-25329.591641305942
2,4,102,-151553.36465625386
3,4,102,-76120.14436578573
1,5,102,-33682.467252030016
2,5,102,-201431.89464927485
3,5,102,-100537.6197697493
1,1,103,-4111.765483018389
2,1,103,-25226.110276516807
3,1,103,-12715.449718038713
1,2,103,-8452.821076740709
2,2,103,-50743.53379073104
3,2,103,-25101.06313013234
1,3,103,-12740.950785268966
2,3,103,-75290.34581218079
3,3,103,-37884.45672166974
1,4,103,-25329.591641750012
2,4,103,-151553.36466032118
3,4,103,-76120.1443672401
1,5,103,-33682.46725258661
2,5,103,-201431.89465450906
3,5,103,-100537.61977157152
1,1,104,-4111.765483105771
2,1,104,-25226.11027744504
3,1,104,-12715.449718371628
1,2,104,-8452.821076932754
2,2,104,-50743.533792686176
3,2,104,-25101.06313083684
1,3,104,-12740.95078554175
2,3,104,-75290.34581496843
3,3,104,-37884.45672266983
1,4,104,-25329.591642315754
2,4,104,-151553.36466601762
3,4,104,-76120.14436932391
1,5,104,-33682.46725329863
2,5,104,-201431.89466183193
3,5,104,-100537.61977418604
1,1,105,-4111.765483194082
2,1,105,-25226.11027842887
3,1,105,-12715.449718728392
1,2,105,-8452.821077124017
2,2,105,-50743.533794736395
3,2,105,-25101.063131580402
1,3,105,-12740.950785816302
2,3,105,-75290.345817911
3,3,105,-37884.45672373686
1,4,105,-25329.59164288768
2,4,105,-151553.36467207407
3,4,105,-76120.14437156112
1,5,105,-33682.4672540196
2,5,105,-201431.89466961232
3,5,105,-100537.61977699383
1,1,106,-4111.765483270431
2,1,106,-25226.110279313332
3,1,106,-12715.449719051385
1,2,106,-8452.821077287676
2,2,106,-50743.53379656658
3,2,106,-25101.06313224701
1,3,106,-12740.95078605292
2,3,106,-75290.3458205487
3,3,106,-37884.45672469989
1,4,106,-25329.591643382708
2,4,106,-151553.36467753266
3,4,106,-76120.14437359064
1,5,106,-33682.467254643816
2,5,106,-201431.89467661775
3,5,106,-100537.61977953943
1,1,107,-4111.765483327326
2,1,107,-25226.11028000158
3,1,107,-12715.449719304228
1,2,107,-8452.821077408498
2,2,107,-50743.53379798232
3,2,107,-25101.063132764677
1,3,107,-12740.950786228672
2,3,107,-75290.34582259551
3,3,107,-37884.45672545158
1,4,107,-25329.591643752574
2,4,107,-151553.36468179326
3,4,107,-76120.14437518436
1,5,107,-33682.46725510962
2,5,107,-201431.89468207592
3,5,107,-100537.61978153464
1,1,108,-4111.765483362189
2,1,108,-25226.110280452092
3,1,108,-12715.449719470893
1,2,108,-8452.821077481656
2,2,108,-50743.533798902834
3,2,108,-25101.063133102965
1,3,108,-12740.950786335841
2,3,108,-75290.34582393029
3,3,108,-37884.45672594517
1,4,108,-25329.59164398062
2,4,108,-151553.36468459622
3,4,108,-76120.14437624125
1,5,108,-33682.4672553956
2,5,108,-201431.89468565327
3,5,108,-100537.61978285173
1,1,109,-4111.765483376313
2,1,109,-25226.11028066877
3,1,109,-12715.449719552165
1,2,109,-8452.821077510427
2,2,109,-50743.53379933995
3,2,109,-25101.063133265405
1,3,109,-12740.950786378673
2,3,109,-75290.34582456693
3,3,109,-37884.45672618391
1,4,109,-25329.591644075077
2,4,109,-151553.36468596192
3,4,109,-76120.14437676517
1,5,109,-33682.46725551204
2,5,109,-201431.89468737753
3,5,109,-100537.61978349584
1,1,110,-4111.765483373572
2,1,110,-25226.110280687484
3,1,110,-12715.44971956074
1,2,110,-8452.821077503411
2,2,110,-50743.533799370176
3,2,110,-25101.063133279295
1,3,110,-12740.950786369345
2,3,110,-75290.3458246141
3,3,110,-37884.456726206285
1,4,110,-25329.591644060733
2,4,110,-151553.36468610787
3,4,110,-76120.14437683432
1,5,110,-33682.46725549048
2,5,110,-201431.8946875311
3,5,110,-100537.61978356636
1,1,111,-4111.76548335914
2,1,111,-25226.110280561916
3,1,111,-12715.449719516027
1,2,111,-8452.8210774718
2,2,111,-50743.5337991054
3,2,111,-25101.06313318506
1,3,111,-12740.95078632398
2,3,111,-75290.34582423279
3,3,111,-37884.45672607055
1,4,111,-25329.591643970696
2,4,111,-151553.36468536188
3,4,111,-76120.1443765689
1,5,111,-33682.467255373114
2,5,111,-201431.89468653864
3,5,111,-100537.61978321597
1,1,112,-4111.765483338378
2,1,112,-25226.110280350873
3,1,112,-12715.449719439483
1,2,112,-8452.821077427057
2,2,112,-50743.53379866711
3,2,112,-25101.06313302683
1,3,112,-12740.950786259225
2,3,112,-75290.34582359881
3,3,112,-37884.4567258408
1,4,112,-25329.591643839332
2,4,112,-151553.36468408414
3,4,112,-76120.1443761021
1,5,112,-33682.46725520374
2,5,112,-201431.8946848663
3,5,112,-100537.61978261369
1,1,113,-4111.765483316022
2,1,113,-25226.110280108514
3,1,113,-12715.449719350981
1,2,113,-8452.821077379225
2,2,113,-50743.53379816657
3,2,113,-25101.06313284515
1,3,113,-12740.950786189753
2,3,113,-75290.34582287361
3,3,113,-37884.456725576245
1,4,113,-25329.591643697022
2,4,113,-151553.36468260724
3,4,113,-76120.14437555747
1,5,113,-33682.467255021125
2,5,113,-201431.89468294405
3,5,113,-100537.61978191638
1,1,114,-4111.765483295692
2,1,114,-25226.110279878034
3,1,114,-12715.449719266451
1,2,114,-8452.82107733592
2,2,114,-50743.53379769208
3,2,114,-25101.063132672298
1,3,114,-12740.950786126732
2,3,114,-75290.34582218564
3,3,114,-37884.45672532422
1,4,114,-25329.591643567026
2,4,114,-151553.3646811969
3,4,114,-76120.14437503433
1,5,114,-33682.46725485491
2,5,114,-201431.894681115
3,5,114,-100537.61978124981
1,1,115,-4111.765483279691
2,1,115,-25226.11027968864
3,1,115,-12715.449719196733
1,2,115,-8452.82107730195
2,2,115,-50743.53379730305
3,2,115,-25101.063132530104
1,3,115,-12740.95078607725
2,3,115,-75290.34582162152
3,3,115,-37884.45672511682
1,4,115,-25329.591643464206
2,4,115,-151553.36468003358
3,4,115,-76120.14437460055
1,5,115,-33682.46725472399
2,5,115,-201431.89467961155
3,5,115,-100537.61978069971
1,1,116,-4111.765483269054
2,1,116,-25226.110279555432
3,1,116,-12715.44971914749
1,2,116,-8452.82107727943
2,2,116,-50743.53379702992
3,2,116,-25101.063132429852
1,3,116,-12740.950786044461
2,3,116,-75290.34582122574
3,3,116,-37884.45672497073
1,4,116,-25329.591643395343
2,4,116,-151553.3646792113
3,4,116,-76120.14437429198
1,5,116,-33682.4672546369
2,5,116,-201431.89467855392
3,5,116,-100537.61978031091
1,1,117,-4111.7654832637645
2,1,117,-25226.11027948126
3,1,117,-12715.449719119879
1,2,117,-8452.821077268265
2,2,117,-50743.53379687808
3,2,117,-25101.063132373692
1,3,117,-12740.950786028265
2,3,117,-75290.34582100635
3,3,117,-37884.456724889205
1,4,117,-25329.591643360476
2,4,117,-151553.36467874906
3,4,117,-76120.1443741165
1,5,117,-33682.46725459352
2,5,117,-201431.89467796512
3,5,117,-100537.61978009272
1,1,118,-4111.765483263052
2,1,118,-25226.110279459812
3,1,118,-12715.449719111672
1,2,118,-8452.821077266784
2,2,118,-50743.533796834294
3,2,118,-25101.063132356947
1,3,118,-12740.950786026238
2,3,118,-75290.34582094415
3,3,118,-37884.45672486545
1,4,118,-25329.591643354826
2,4,118,-151553.36467860936
3,4,118,-76120.14437406092
1,5,118,-33682.46725458758
2,5,118,-201431.89467779512
3,5,118,-100537.61978002763
1,1,119,-4111.765483265719
2,1,119,-25226.11027947912
3,1,119,-12715.449719118515
1,2,119,-8452.821077272434
2,2,119,-50743.53379687389
3,2,119,-25101.06313237072
1,3,119,-12740.950786034642
2,3,119,-75290.34582100321
3,3,119,-37884.456724886426
1,4,119,-25329.591643370837
2,4,119,-151553.3646787199
3,4,119,-76120.14437409885
1,5,119,-33682.467254609306
2,5,119,-201431.894677949
3,5,119,-100537.6197800814
1,1,120,-4111.7654832704275
2,1,120,-25226.110279524863
3,1,120,-12715.449719135177
1,2,120,-8452.821077282382
2,2,120,-50743.53379696746
3,2,120,-25101.06313240436
1,3,120,-12740.950786049336
2,3,120,-75290.34582114067
3,3,120,-37884.45672493646
1,4,120,-25329.591643400065
2,4,120,-151553.36467899365
3,4,120,-76120.14437419821
1,5,120,-33682.46725464778
2,5,120,-201431.8946783129
3,5,120,-100537.6197802127
1,1,121,-2327.8316775982034
2,1,121,-14281.49023782702
3,1,121,-7198.714705018027
1,2,121,-4789.040070324511
2,2,121,-28749.315102901735
3,2,121,-14221.287312144335
1,3,121,-7214.629659560847
2,3,121,-42633.54997196054
3,3,121,-21452.270688903358
1,4,121,-14370.820595008605
2,4,121,-85984.26081730588
3,4,121,-43186.99463254861
1,5,121,-19068.781295515248
2,5,121,-114037.39269930443
3,5,121,-56917.73909733593
1,1,122,-2327.831677601266
2,1,122,-14281.49023786299
3,1,122,-7198.714705030292
1,2,122,-4789.040070330966
2,2,122,-28749.315102975117
3,2,122,-14221.28731216911
1,3,122,-7214.629659570345
2,3,122,-42633.549972067965
3,3,122,-21452.270688939945
1,4,122,-14370.820595027972
2,4,122,-85984.26081752441
3,4,122,-43186.99463262362
1,5,122,-19068.78129554032
2,5,122,-114037.39269959053
3,5,122,-56917.73909743283
1,1,123,-2327.8316776038837
2,1,123,-14281.490237894892
3,1,123,-7198.714705041207
1,2,123,-4789.040070336481
2,2,123,-28749.315103040175
3,2,123,-14221.287312191158
1,3,123,-7214.629659578448
2,3,123,-42633.5499721631
3,3,123,-21452.270688972443
1,4,123,-14370.820595044603
2,4,123,-85984.26081771888
3,4,123,-43186.99463269072
1,5,123,-19068.78129556176
2,5,123,-114037.39269984426
3,5,123,-56917.73909751908
1,1,124,-2327.8316776059073
2,1,124,-14281.490237920352
3,1,124,-7198.714705049947
1,2,124,-4789.040070340746
2,2,124,-28749.315103092093
3,2,124,-14221.287312208822
1,3,124,-7214.629659584704
2,3,124,-42633.549972238914
3,3,124,-21452.270688998426
1,4,124,-14370.820595057528
2,4,124,-85984.26081787454
3,4,124,-43186.99463274475
1,5,124,-19068.78129557835
2,5,124,-114037.39270004674
3,5,124,-56917.73909758819
1,1,125,-2327.831677607309
2,1,125,-14281.490237938588
3,1,125,-7198.714705056236
1,2,125,-4789.040070343702
2,2,125,-28749.31510312929
3,2,125,-14221.287312221551
1,3,125,-7214.629659589023
2,3,125,-42633.54997229312
3,3,125,-21452.27068901709
1,4,125,-14370.82059506653
2,4,125,-85984.2608179864
3,4,125,-43186.99463278388
1,5,125,-19068.781295589837
2,5,125,-114037.39270019167
3,5,125,-56917.73909763793
1,1,126,-2327.8316776081383
2,1,126,-14281.490237949922
3,1,126,-7198.714705060181
1,2,126,-4789.040070345456
2,2,126,-28749.315103152443
3,2,126,-14221.287312229557
1,3,126,-7214.629659591572
2,3,126,-42633.549972326735
3,3,126,-21452.270689028766
1,4,126,-14370.820595071918
2,4,126,-85984.26081805633
3,4,126,-43186.99463280863
1,5,126,-19068.781295596644
2,5,126,-114037.3927002817
3,5,126,-56917.73909766915
1,1,127,-2327.831677608496
2,1,127,-14281.490237955382
3,1,127,-7198.714705062123
1,2,127,-4789.040070346221
2,2,127,-28749.31510316364
3,2,127,-14221.287312233528
1,3,127,-7214.629659592663
2,3,127,-42633.549972342844
3,3,127,-21452.270689034478
1,4,127,-14370.820595074307
2,4,127,-85984.26081809042
3,4,127,-43186.994632821064
1,5,127,-19068.781295599587
2,5,127,-114037.39270032501
3,5,127,-56917.73909768452
1,1,128,-2327.8316776085026
2,1,128,-14281.490237956326
3,1,128,-7198.71470506252
1,2,128,-4789.040070346247
2,2,128,-28749.315103165653
3,2,128,-14221.287312234388
1,3,128,-7214.629659592668
2,3,128,-42633.549972345514
3,3,128,-21452.270689035595
1,4,128,-14370.820595074458
2,4,128,-85984.26081809691
3,4,128,-43186.99463282395
1,5,128,-19068.781295599645
2,5,128,-114037.3927003324
3,5,128,-56917.73909768767
1,1,129,-2327.8316776082766
2,1,129,-14281.490237954178
3,1,129,-7198.714705061854
1,2,129,-4789.040070345787
2,2,129,-28749.315103161363
3,2,129,-14221.287312233102
1,3,129,-7214.629659591958
2,3,129,-42633.549972339
3,3,129,-21452.270689033565
1,4,129,-14370.820595073119
2,4,129,-85984.26081808443
3,4,129,-43186.99463282024
1,5,129,-19068.781295597797
2,5,129,-114037.39270031519
3,5,129,-56917.73909768242
1,1,130,-2327.8316776079246
2,1,130,-14281.490237950236
3,1,130,-7198.714705060565
1,2,130,-4789.040070345059
2,2,130,-28749.31510315342
3,2,130,-14221.287312230557
1,3,130,-7214.62965959086
2,3,130,-42633.54997232717
3,3,130,-21452.270689029694
1,4,130,-14370.820595070956
2,4,130,-85984.26081806088
3,4,130,-43186.994632812624
1,5,130,-19068.781295594912
2,5,130,-114037.39270028372
3,5,130,-56917.73909767223
1,1,131,-2327.8316776075303
2,1,131,-14281.490237945565
3,1,131,-7198.714705059017
1,2,131,-4789.04007034424
2,2,131,-28749.31510314399
3,2,131,-14221.287312227481
1,3,131,-7214.629659589634
2,3,131,-42633.549972313194
3,3,131,-21452.270689025067
1,4,131,-14370.820595068506
2,4,131,-85984.26081803275
3,4,131,-43186.99463280332
1,5,131,-19068.781295591678
2,5,131,-114037.39270024645
3,5,131,-56917.739097659985
1,1,132,-2327.831677607154
2,1,132,-14281.490237940956
3,1,132,-7198.714705057479
1,2,132,-4789.040070343457
2,2,132,-28749.31510313466
3,2,132,-14221.287312224415
1,3,132,-7214.629659588466
2,3,132,-42633.54997229942
3,3,132,-21452.27068902047
1,4,132,-14370.820595066154
2,4,132,-85984.26081800486
3,4,132,-43186.994632794
1,5,132,-19068.781295588593
2,5,132,-114037.39270020968
3,5,132,-56917.73909764781
1,1,133,-2327.831677606833
2,1,133,-14281.490237936916
3,1,133,-7198.714705056125
1,2,133,-4789.04007034279
2,2,133,-28749.315103126486
3,2,133,-14221.287312221712
1,3,133,-7214.629659587473
2,3,133,-42633.54997228737
3,3,133,-21452.270689016437
1,4,133,-14370.820595064142
2,4,133,-85984.26081798036
3,4,133,-43186.99463278576
1,5,133,-19068.781295585963
2,5,133,-114037.39270017749
3,5,133,-56917.739097637095
1,1,134,-2327.8316776065863
2,1,134,-14281.490237933724
3,1,134,-7198.714705055052
1,2,134,-4789.040070342276
2,2,134,-28749.315103120018
3,2,134,-14221.287312219563
1,3,134,-7214.629659586709
2,3,134,-42633.549972277855
3,3,134,-21452.270689013243
1,4,134,-14370.820595062585
2,4,134,-85984.26081796097
3,4,134,-43186.9946327792
1,5,134,-19068.78129558394
2,5,134,-114037.39270015206
3,5,134,-56917.7390976286
1,1,135,-2327.831677606417
2,1,135,-14281.490237931459
3,1,135,-7198.714705054288
1,2,135,-4789.040070341923
2,2,135,-28749.315103115423
3,2,135,-14221.287312218032
1,3,135,-7214.629659586187
2,3,135,-42633.54997227112
3,3,135,-21452.270689010973
1,4,135,-14370.820595061514
2,4,135,-85984.26081794716
3,4,135,-43186.994632774506
1,5,135,-19068.781295582554
2,5,135,-114037.39270013403
3,5,135,-56917.73909762255
1,1,136,-2327.8316776063193
2,1,136,-14281.490237930073
3,1,136,-7198.714705053819
1,2,136,-4789.040070341717
2,2,136,-28749.315103112604
3,2,136,-14221.287312217086
1,3,136,-7214.629659585884
2,3,136,-42633.54997226699
3,3,136,-21452.270689009576
1,4,136,-14370.820595060888
2,4,136,-85984.26081793866
3,4,136,-43186.99463277159
1,5,136,-19068.78129558175
2,5,136,-114037.39270012299
3,5,136,-56917.73909761883
1,1,137,-2327.8316776062798
2,1,137,-14281.490237929424
3,1,137,-7198.714705053597
1,2,137,-4789.040070341632
2,2,137,-28749.315103111276
3,2,137,-14221.287312216633
1,3,137,-7214.62965958576
2,3,137,-42633.54997226507
3,3,137,-21452.270689008925
1,4,137,-14370.820595060626
2,4,137,-85984.26081793464
3,4,137,-43186.99463277019
1,5,137,-19068.781295581422
2,5,137,-114037.39270011785
3,5,137,-56917.73909761707
1,1,138,-2327.8316776062825
2,1,138,-14281.490237929336
3,1,138,-7198.714705053566
1,2,138,-4789.040070341636
2,2,138,-28749.315103111094
3,2,138,-14221.287312216562
1,3,138,-7214.629659585772
2,3,138,-42633.54997226483
3,3,138,-21452.270689008838
1,4,138,-14370.820595060637
2,4,138,-85984.26081793406
3,4,138,-43186.99463276995
1,5,138,-19068.781295581448
2,5,138,-114037.39270011717
3,5,138,-56917.73909761682
1,1,139,-2327.831677606314
2,1,139,-14281.490237929633
3,1,139,-7198.714705053663
1,2,139,-4789.040070341698
2,2,139,-28749.315103111672
3,2,139,-14221.28731221675
1,3,139,-7214.629659585869
2,3,139,-42633.549972265726
3,3,139,-21452.270689009132
1,4,139,-14370.820595060824
2,4,139,-85984.26081793579
3,4,139,-43186.99463277051
1,5,139,-19068.7812955817
2,5,139,-114037.39270011953
3,5,139,-56917.73909761759
1,1,140,-2327.8316776063602
2,1,140,-14281.490237930146
3,1,140,-7198.714705053835
1,2,140,-4789.040070341794
2,2,140,-28749.3151031127
3,2,140,-14221.287312217086
1,3,140,-7214.629659586013
2,3,140,-42633.54997226727
3,3,140,-21452.270689009645
1,4,140,-14370.820595061108
2,4,140,-85984.26081793886
3,4,140,-43186.99463277152
1,5,140,-19068.78129558208
2,5,140,-114037.39270012363
3,5,140,-56917.739097618956
1,1,141,-2327.831677606411
2,1,141,-14281.490237930742
3,1,141,-7198.714705054037
1,2,141,-4789.040070341897
2,2,141,-28749.31510311391
3,2,141,-14221.28731221748
1,3,141,-7214.629659586171
2,3,141,-42633.54997226906
3,3,141,-21452.270689010245
1,4,141,-14370.820595061421
2,4,141,-85984.26081794247
3,4,141,-43186.99463277273
1,5,141,-19068.7812955825
2,5,141,-114037.39270012839
3,5,141,-56917.73909762055
1,1,142,-2327.8316776064594
2,1,142,-14281.49023793133
3,1,142,-7198.7147050542335
1,2,142,-4789.040070341996
2,2,142,-28749.31510311508
3,2,142,-14221.28731221787
1,3,142,-7214.6296595863205
2,3,142,-42633.5499722708
3,3,142,-21452.27068901083
1,4,142,-14370.820595061721
2,4,142,-85984.26081794602
3,4,142,-43186.99463277392
1,5,142,-19068.781295582896
2,5,142,-114037.39270013307
3,5,142,-56917.73909762211
1,1,143,-2327.8316776065
2,1,143,-14281.490237931837
3,1,143,-7198.7147050544045
1,2,143,-4789.040070342081
2,2,143,-28749.31510311611
3,2,143,-14221.28731221821
1,3,143,-7214.629659586445
2,3,143,-42633.54997227231
3,3,143,-21452.270689011344
1,4,143,-14370.820595061972
2,4,143,-85984.2608179491
3,4,143,-43186.99463277496
1,5,143,-19068.781295583223
2,5,143,-114037.39270013712
3,5,143,-56917.739097623475
1,1,144,-2327.8316776065303
2,1,144,-14281.490237932234
3,1,144,-7198.714705054541
1,2,144,-4789.040070342145
2,2,144,-28749.315103116915
3,2,144,-14221.28731221848
1,3,144,-7214.62965958654
2,3,144,-42633.5499722735
3,3,144,-21452.270689011744
1,4,144,-14370.820595062167
2,4,144,-85984.26081795151
3,4,144,-43186.99463277577
1,5,144,-19068.781295583474
2,5,144,-114037.39270014028
3,5,144,-56917.73909762455
1,1,145,-2327.831677606551
2,1,145,-14281.490237932509
3,1,145,-7198.714705054634
1,2,145,-4789.040070342187
2,2,145,-28749.315103117486
3,2,145,-14221.287312218668
1,3,145,-7214.629659586603
2,3,145,-42633.54997227432
3,3,145,-21452.270689012017
1,4,145,-14370.8205950623
2,4,145,-85984.2608179532
3,4,145,-43186.99463277635
1,5,145,-19068.78129558364
2,5,145,-114037.3927001425
3,5,145,-56917.739097625294
1,1,146,-2327.8316776065626
2,1,146,-14281.490237932678
3,1,146,-7198.714705054691
1,2,146,-4789.040070342212
2,2,146,-28749.315103117828
3,2,146,-14221.287312218781
1,3,146,-7214.629659586641
2,3,146,-42633.54997227482
3,3,146,-21452.27068901219
1,4,146,-14370.820595062372
2,4,146,-85984.26081795423
3,4,146,-43186.9946327767
1,5,146,-19068.78129558374
2,5,146,-114037.39270014386
3,5,146,-56917.73909762575
1,1,147,-2327.8316776065667
2,1,147,-14281.490237932754
3,1,147,-7198.7147050547155
1,2,147,-4789.040070342222
2,2,147,-28749.315103117984
3,2,147,-14221.287312218834
1,3,147,-7214.629659586653
2,3,147,-42633.54997227505
3,3,147,-21452.270689012264
1,4,147,-14370.820595062401
2,4,147,-85984.2608179547
3,4,147,-43186.99463277687
1,5,147,-19068.781295583776
2,5,147,-114037.39270014447
3,5,147,-56917.739097625956
1,1,148,-2327.8316776065662
2,1,148,-14281.490237932761
3,1,148,-7198.714705054717
1,2,148,-4789.040070342221
2,2,148,-28749.315103117995
3,2,148,-14221.287312218836
1,3,148,-7214.6296595866515
2,3,148,-42633.54997227507
3,3,148,-21452.27068901227
1,4,148,-14370.820595062398
2,4,148,-85984.26081795472
3,4,148,-43186.99463277689
1,5,148,-19068.781295583773
2,5,148,-114037.39270014451
3,5,148,-56917.73909762596
1,1,149,-2327.8316776065617
2,1,149,-14281.49023793272
3,1,149,-7198.714705054705
1,2,149,-4789.040070342212
2,2,149,-28749.31510311791
3,2,149,-14221.287312218812
1,3,149,-7214.629659586638
2,3,149,-42633.549972274945
3,3,149,-21452.270689012235
1,4,149,-14370.82059506237
2,4,149,-85984.26081795449
3,4,149,-43186.99463277681
1,5,149,-19068.781295583736
2,5,149,-114037.39270014418
3,5,149,-56917.73909762587
1,1,150,-2327.831677606556
2,1,150,-14281.490237932652
3,1,150,-7198.714705054682
1,2,150,-4789.040070342199
2,2,150,-28749.31510311778
3,2,150,-14221.287312218767
1,3,150,-7214.62965958662
2,3,150,-42633.54997227475
3,3,150,-21452.270689012166
1,4,150,-14370.820595062334
2,4,150,-85984.26081795408
3,4,150,-43186.99463277668
1,5,150,-19068.78129558369
2,5,150,-114037.39270014365
3,5,150,-56917.73909762569
1,1,151,-2327.8316776065494
2,1,151,-14281.490237932576
3,1,151,-7198.714705054656
1,2,151,-4789.0400703421865
2,2,151,-28749.315103117624
3,2,151,-14221.287312218716
1,3,151,-7214.6296595866
2,3,151,-42633.549972274515
3,3,151,-21452.27068901209
1,4,151,-14370.820595062294
2,4,151,-85984.26081795363
3,4,151,-43186.99463277652
1,5,151,-19068.781295583634
2,5,151,-114037.39270014304
3,5,151,-56917.73909762548
1,1,152,-2327.831677606543
2,1,152,-14281.490237932501
3,1,152,-7198.714705054632
1,2,152,-4789.040070342173
2,2,152,-28749.315103117475
3,2,152,-14221.287312218667
1,3,152,-7214.62965958658
2,3,152,-42633.54997227429
3,3,152,-21452.270689012013
1,4,152,-14370.820595062256
2,4,152,-85984.26081795318
3,4,152,-43186.99463277636
1,5,152,-19068.781295583583
2,5,152,-114037.39270014243
3,5,152,-56917.73909762529
1,1,153,-2327.831677606538
2,1,153,-14281.490237932438
3,1,153,-7198.71470505461
1,2,153,-4789.040070342163
2,2,153,-28749.315103117347
3,2,153,-14221.287312218623
1,3,153,-7214.629659586565
2,3,153,-42633.5499722741
3,3,153,-21452.270689011948
1,4,153,-14370.820595062225
2,4,153,-85984.2608179528
3,4,153,-43186.99463277623
1,5,153,-19068.781295583543
2,5,153,-114037.39270014194
3,5,153,-56917.73909762512
1,1,154,-2327.8316776065344
2,1,154,-14281.490237932388
3,1,154,-7198.714705054593
1,2,154,-4789.040070342156
2,2,154,-28749.315103117246
3,2,154,-14221.28731221859
1,3,154,-7214.629659586553
2,3,154,-42633.549972273955
3,3,154,-21452.270689011897
1,4,154,-14370.820595062201
2,4,154,-85984.2608179525
3,4,154,-43186.994632776135
1,5,154,-19068.781295583514
2,5,154,-114037.39270014154
3,5,154,-56917.73909762498
1,1,155,-2327.8316776065317
2,1,155,-14281.490237932354
3,1,155,-7198.714705054581
1,2,155,-4789.04007034215
2,2,155,-28749.315103117176
3,2,155,-14221.287312218567
1,3,155,-7214.629659586544
2,3,155,-42633.54997227385
3,3,155,-21452.270689011864
1,4,155,-14370.820595062185
2,4,155,-85984.26081795228
3,4,155,-43186.99463277606
1,5,155,-19068.781295583492
2,5,155,-114037.39270014127
3,5,155,-56917.73909762489
1,1,156,-2327.8316776065303
2,1,156,-14281.490237932332
3,1,156,-7198.714705054574
1,2,156,-4789.0400703421465
2,2,156,-28749.315103117133
3,2,156,-14221.287312218552
1,3,156,-7214.62965958654
2,3,156,-42633.54997227379
3,3,156,-21452.270689011842
1,4,156,-14370.820595062174
2,4,156,-85984.26081795215
3,4,156,-43186.99463277602
1,5,156,-19068.781295583478
2,5,156,-114037.39270014109
3,5,156,-56917.73909762483
1,1,157,-2327.8316776065294
2,1,157,-14281.490237932325
3,1,157,-7198.71470505457
1,2,157,-4789.040070342146
2,2,157,-28749.315103117115
3,2,157,-14221.287312218545
1,3,157,-7214.629659586538
2,3,157,-42633.549972273766
3,3,157,-21452.27068901183
1,4,157,-14370.82059506217
2,4,157,-85984.26081795209
3,4,157,-43186.99463277599
1,5,157,-19068.781295583474
2,5,157,-114037.39270014102
3,5,157,-56917.739097624806
1,1,158,-2327.8316776065294
2,1,158,-14281.490237932325
3,1,158,-7198.71470505457
1,2,158,-4789.040070342146
2,2,158,-28749.315103117115
3,2,158,-14221.287312218543
1,3,158,-7214.629659586538
2,3,158,-42633.549972273766
3,3,158,-21452.270689011828
1,4,158,-14370.82059506217
2,4,158,-85984.26081795209
3,4,158,-43186.99463277599
1,5,158,-19068.781295583474
2,5,158,-114037.39270014102
3,5,158,-56917.7390976248
1,1,159,-2327.8316776065303
2,1,159,-14281.49023793233
3,1,159,-7198.714705054571
1,2,159,-4789.0400703421465
2,2,159,-28749.31510311713
3,2,159,-14221.287312218547
1,3,159,-7214.62965958654
2,3,159,-42633.54997227379
3,3,159,-21452.270689011835
1,4,159,-14370.820595062174
2,4,159,-85984.26081795213
3,4,159,-43186.994632776
1,5,159,-19068.781295583478
2,5,159,-114037.39270014108
3,5,159,-56917.73909762481
1,1,160,-2327.8316776065312
2,1,160,-14281.490237932341
3,1,160,-7198.714705054575
1,2,160,-4789.040070342148
2,2,160,-28749.315103117147
3,2,160,-14221.287312218554
1,3,160,-7214.629659586543
2,3,160,-42633.54997227382
3,3,160,-21452.270689011842
1,4,160,-14370.820595062181
2,4,160,-85984.26081795219
3,4,160,-43186.99463277602
1,5,160,-19068.781295583485
2,5,160,-114037.39270014116
3,5,160,-56917.739097624835
1,1,161,-2327.831677606532
2,1,161,-14281.49023793235
3,1,161,-7198.714705054578
1,2,161,-4789.040070342151
2,2,161,-28749.31510311717
3,2,161,-14221.28731221856
1,3,161,-7214.629659586546
2,3,161,-42633.549972273846
3,3,161,-21452.270689011853
1,4,161,-14370.820595062187
2,4,161,-85984.26081795225
3,4,161,-43186.99463277604
1,5,161,-19068.781295583496
2,5,161,-114037.39270014124
3,5,161,-56917.739097624864
1,1,162,-2327.8316776065335
2,1,162,-14281.490237932361
3,1,162,-7198.714705054581
1,2,162,-4789.040070342153
2,2,162,-28749.315103117187
3,2,162,-14221.287312218567
1,3,162,-7214.62965958655
2,3,162,-42633.549972273875
3,3,162,-21452.270689011864
1,4,162,-14370.820595062194
2,4,162,-85984.26081795231
3,4,162,-43186.994632776055
1,5,162,-19068.781295583503
2,5,162,-114037.39270014132
3,5,162,-56917.73909762489
1,1,163,-2327.831677606534
2,1,163,-14281.490237932367
3,1,163,-7198.714705054583
1,2,163,-4789.040070342155
2,2,163,-28749.315103117202
3,2,163,-14221.28731221857
1,3,163,-7214.6296595865515
2,3,163,-42633.5499722739
3,3,163,-21452.270689011868
1,4,163,-14370.820595062198
2,4,163,-85984.26081795235
3,4,163,-43186.99463277607
1,5,163,-19068.781295583507
2,5,163,-114037.39270014137
3,5,163,-56917.7390976249
1,1,164,-2327.8316776065344
2,1,164,-14281.490237932374
3,1,164,-7198.714705054585
1,2,164,-4789.040070342156
2,2,164,-28749.315103117216
3,2,164,-14221.287312218574
1,3,164,-7214.629659586553
2,3,164,-42633.54997227391
3,3,164,-21452.270689011875
1,4,164,-14370.820595062201
2,4,164,-85984.2608179524
3,4,164,-43186.99463277608
1,5,164,-19068.781295583514
2,5,164,-114037.39270014143
3,5,164,-56917.739097624915
1,1,165,-2327.831677606535
2,1,165,-14281.490237932378
3,1,165,-7198.714705054586
1,2,165,-4789.0400703421565
2,2,165,-28749.315103117224
3,2,165,-14221.287312218577
1,3,165,-7214.629659586555
2,3,165,-42633.549972273926
3,3,165,-21452.27068901188
1,4,165,-14370.820595062205
2,4,165,-85984.26081795241
3,4,165,-43186.99463277609
1,5,165,-19068.781295583518
2,5,165,-114037.39270014146
3,5,165,-56917.73909762493
1,1,166,-2327.831677606535
2,1,166,-14281.490237932381
3,1,166,-7198.714705054588
1,2,166,-4789.0400703421565
2,2,166,-28749.31510311723
3,2,166,-14221.28731221858
1,3,166,-7214.629659586555
2,3,166,-42633.54997227393
3,3,166,-21452.270689011882
1,4,166,-14370.820595062205
2,4,166,-85984.26081795244
3,4,166,-43186.9946327761
1,5,166,-19068.781295583518
2,5,166,-114037.39270014148
3,5,166,-56917.739097624944
1,1,167,-2327.831677606535
2,1,167,-14281.490237932385
3,1,167,-7198.714705054588
1,2,167,-4789.0400703421565
2,2,167,-28749.315103117235
3,2,167,-14221.28731221858
1,3,167,-7214.629659586555
2,3,167,-42633.54997227394
3,3,167,-21452.270689011882
1,4,167,-14370.820595062205
2,4,167,-85984.26081795245
3,4,167,-43186.9946327761
1,5,167,-19068.781295583518
2,5,167,-114037.3927001415
3,5,167,-56917.739097624944
1,1,168,-2327.831677606535
2,1,168,-14281.490237932383
3,1,168,-7198.714705054588
1,2,168,-4789.0400703421565
2,2,168,-28749.31510311723
3,2,168,-14221.28731221858
1,3,168,-7214.629659586555
2,3,168,-42633.54997227394
3,3,168,-21452.270689011882
1,4,168,-14370.820595062205
2,4,168,-85984.26081795244
3,4,168,-43186.9946327761
1,5,168,-19068.781295583518
2,5,168,-114037.39270014148
3,5,168,-56917.739097624944
1,1,169,-2327.831677606535
2,1,169,-14281.490237932381
3,1,169,-7198.714705054588
1,2,169,-4789.0400703421565
2,2,169,-28749.31510311723
3,2,169,-14221.28731221858
1,3,169,-7214.629659586555
2,3,169,-42633.54997227393
3,3,169,-21452.270689011882
1,4,169,-14370.820595062205
2,4,169,-85984.26081795244
3,4,169,-43186.9946327761
1,5,169,-19068.781295583518
2,5,169,-114037.39270014148
3,5,169,-56917.739097624944
1,1,170,-2327.831677606535
2,1,170,-14281.490237932381
3,1,170,-7198.714705054588
1,2,170,-4789.0400703421565
2,2,170,-28749.31510311723
3,2,170,-14221.28731221858
1,3,170,-7214.629659586555
2,3,170,-42633.54997227393
3,3,170,-21452.270689011882
1,4,170,-14370.820595062205
2,4,170,-85984.26081795244
3,4,170,-43186.9946327761
1,5,170,-19068.781295583518
2,5,170,-114037.39270014148
3,5,170,-56917.739097624944
1,1,171,-2327.831677606535
2,1,171,-14281.490237932381
3,1,171,-7198.714705054588
1,2,171,-4789.0400703421565
2,2,171,-28749.31510311723
3,2,171,-14221.28731221858
1,3,171,-7214.629659586555
2,3,171,-42633.54997227393
3,3,171,-21452.270689011882
1,4,171,-14370.820595062205
2,4,171,-85984.26081795244
3,4,171,-43186.9946327761
1,5,171,-19068.781295583518
2,5,171,-114037.39270014148
3,5,171,-56917.739097624944
1,1,172,-2327.831677606535
2,1,172,-14281.49023793238
3,1,172,-7198.714705054588
1,2,172,-4789.0400703421565
2,2,172,-28749.315103117227
3,2,172,-14221.28731221858
1,3,172,-7214.629659586555
2,3,172,-42633.549972273926
3,3,172,-21452.270689011882
1,4,172,-14370.820595062205
2,4,172,-85984.26081795242
3,4,172,-43186.9946327761
1,5,172,-19068.781295583518
2,5,172,-114037.39270014147
3,5,172,-56917.739097624944
1,1,173,-2327.831677606535
2,1,173,-14281.490237932378
3,1,173,-7198.714705054588
1,2,173,-4789.0400703421565
2,2,173,-28749.315103117224
3,2,173,-14221.28731221858
1,3,173,-7214.629659586555
2,3,173,-42633.549972273926
3,3,173,-21452.270689011882
1,4,173,-14370.820595062205
2,4,173,-85984.26081795241
3,4,173,-43186.9946327761
1,5,173,-19068.781295583518
2,5,173,-114037.39270014146
3,5,173,-56917.739097624944
1,1,174,-2327.831677606535
2,1,174,-14281.490237932378
3,1,174,-7198.714705054588
1,2,174,-4789.0400703421565
2,2,174,-28749.315103117224
3,2,174,-14221.28731221858
1,3,174,-7214.629659586555
2,3,174,-42633.549972273926
3,3,174,-21452.270689011882
1,4,174,-14370.820595062205
2,4,174,-85984.26081795241
3,4,174,-43186.9946327761
1,5,174,-19068.781295583518
2,5,174,-114037.39270014146
3,5,174,-56917.739097624944
1,1,175,-2327.831677606535
2,1,175,-14281.490237932378
3,1,175,-7198.714705054588
1,2,175,-4789.0400703421565
2,2,175,-28749.315103117224
3,2,175,-14221.28731221858
1,3,175,-7214.629659586555
2,3,175,-42633.549972273926
3,3,175,-21452.270689011882
1,4,175,-14370.820595062205
2,4,175,-85984.26081795241
3,4,175,-43186.9946327761
1,5,175,-19068.781295583518
2,5,175,-114037.39270014146
3,5,175,-56917.739097624944
1,1,176,-2327.831677606535
2,1,176,-14281.490237932378
3,1,176,-7198.714705054588
1,2,176,-4789.0400703421565
2,2,176,-28749.315103117224
3,2,176,-14221.28731221858
1,3,176,-7214.629659586555
2,3,176,-42633.549972273926
3,3,176,-21452.270689011882
1,4,176,-14370.820595062205
2,4,176,-85984.26081795241
3,4,176,-43186.9946327761
1,5,176,-19068.781295583518
2,5,176,-114037.39270014146
3,5,176,-56917.739097624944
1,1,177,-2327.831677606535
2,1,177,-14281.490237932378
3,1,177,-7198.714705054588
1,2,177,-4789.0400703421565
2,2,177,-28749.315103117224
3,2,177,-14221.28731221858
1,3,177,-7214.629659586555
2,3,177,-42633.549972273926
3,3,177,-21452.270689011882
1,4,177,-14370.820595062205
2,4,177,-85984.26081795241
3,4,177,-43186.9946327761
1,5,177,-19068.781295583518
2,5,177,-114037.39270014146
3,5,177,-56917.739097624944
1,1,178,-2327.831677606535
2,1,178,-14281.490237932378
3,1,178,-7198.714705054588
1,2,178,-4789.0400703421565
2,2,178,-28749.315103117224
3,2,178,-14221.28731221858
1,3,178,-7214.629659586555
2,3,178,-42633.549972273926
3,3,178,-21452.270689011882
1,4,178,-14370.820595062205
2,4,178,-85984.26081795241
3,4,178,-43186.9946327761
1,5,178,-19068.781295583518
2,5,178,-114037.39270014146
3,5,178,-56917.739097624944
1,1,179,-2327.831677606535
2,1,179,-14281.490237932378
3,1,179,-7198.714705054588
1,2,179,-4789.0400703421565
2,2,179,-28749.315103117224
3,2,179,-14221.28731221858
1,3,179,-7214.629659586555
2,3,179,-42633.549972273926
3,3,179,-21452.270689011882
1,4,179,-14370.820595062205
2,4,179,-85984.26081795241
3,4,179,-43186.9946327761
1,5,179,-19068.781295583518
2,5,179,-114037.39270014146
3,5,179,-56917.739097624944
1,1,180,-2327.831677606535
2,1,180,-14281.490237932378
3,1,180,-7198.714705054588
1,2,180,-4789.0400703421565
2,2,180,-28749.315103117224
3,2,180,-14221.28731221858
1,3,180,-7214.629659586555
2,3,180,-42633.549972273926
3,3,180,-21452.270689011882
1,4,180,-14370.820595062205
2,4,180,-85984.26081795241
3,4,180,-43186.9946327761
1,5,180,-19068.781295583518
2,5,180,-114037.39270014146
3,5,180,-56917.739097624944
1,1,181,-2327.831677606535
2,1,181,-14281.490237932378
3,1,181,-7198.714705054588
1,2,181,-4789.0400703421565
2,2,181,-28749.315103117224
3,2,181,-14221.28731221858
1,3,181,-7214.629659586555
2,3,181,-42633.549972273926
3,3,181,-21452.270689011882
1,4,181,-14370.820595062205
2,4,181,-85984.26081795241
3,4,181,-43186.9946327761
1,5,181,-19068.781295583518
2,5,181,-114037.39270014146
3,5,181,-56917.739097624944
1,1,182,-2327.831677606535
2,1,182,-14281.490237932378
3,1,182,-7198.714705054588
1,2,182,-4789.0400703421565
2,2,182,-28749.315103117224
3,2,182,-14221.28731221858
1,3,182,-7214.629659586555
2,3,182,-42633.549972273926
3,3,182,-21452.270689011882
1,4,182,-14370.820595062205
2,4,182,-85984.26081795241
3,4,182,-43186.9946327761
1,5,182,-19068.781295583518
2,5,182,-114037.39270014146
3,5,182,-56917.739097624944
1,1,183,-2327.831677606535
2,1,183,-14281.490237932378
3,1,183,-7198.714705054588
1,2,183,-4789.0400703421565
2,2,183,-28749.315103117224
3,2,183,-14221.28731221858
1,3,183,-7214.629659586555
2,3,183,-42633.549972273926
3,3,183,-21452.270689011882
1,4,183,-14370.820595062205
2,4,183,-85984.26081795241
3,4,183,-43186.9946327761
1,5,183,-19068.781295583518
2,5,183,-114037.39270014146
3,5,183,-56917.739097624944
1,1,184,-2327.831677606535
2,1,184,-14281.490237932378
3,1,184,-7198.714705054588
1,2,184,-4789.0400703421565
2,2,184,-28749.315103117224
3,2,184,-14221.28731221858
1,3,184,-7214.629659586555
2,3,184,-42633.549972273926
3,3,184,-21452.270689011882
1,4,184,-14370.820595062205
2,4,184,-85984.26081795241
3,4,184,-43186.9946327761
1,5,184,-19068.781295583518
2,5,184,-114037.39270014146
3,5,184,-56917.739097624944
1,1,185,-2327.831677606535
2,1,185,-14281.490237932378
3,1,185,-7198.714705054588
1,2,185,-4789.0400703421565
2,2,185,-28749.315103117224
3,2,185,-14221.28731221858
1,3,185,-7214.629659586555
2,3,185,-42633.549972273926
3,3,185,-21452.270689011882
1,4,185,-14370.820595062205
2,4,185,-85984.26081795241
3,4,185,-43186.9946327761
1,5,185,-19068.781295583518
2,5,185,-114037.39270014146
3,5,185,-56917.739097624944
1,1,186,-2327.831677606535
2,1,186,-14281.490237932378
3,1,186,-7198.714705054588
1,2,186,-4789.0400703421565
2,2,186,-28749.315103117224
3,2,186,-14221.28731221858
1,3,186,-7214.629659586555
2,3,186,-42633.549972273926
3,3,186,-21452.270689011882
1,4,186,-14370.820595062205
2,4,186,-85984.26081795241
3,4,186,-43186.9946327761
1,5,186,-19068.781295583518
2,5,186,-114037.39270014146
3,5,186,-56917.739097624944
1,1,187,-2327.831677606535
2,1,187,-14281.490237932378
3,1,187,-7198.714705054588
1,2,187,-4789.0400703421565
2,2,187,-28749.315103117224
3,2,187,-14221.28731221858
1,3,187,-7214.629659586555
2,3,187,-42633.549972273926
3,3,187,-21452.270689011882
1,4,187,-14370.820595062205
2,4,187,-85984.26081795241
3,4,187,-43186.9946327761
1,5,187,-19068.781295583518
2,5,187,-114037.39270014146
3,5,187,-56917.739097624944
1,1,188,-2327.831677606535
2,1,188,-14281.490237932378
3,1,188,-7198.714705054588
1,2,188,-4789.0400703421565
2,2,188,-28749.315103117224
3,2,188,-14221.28731221858
1,3,188,-7214.629659586555
2,3,188,-42633.549972273926
3,3,188,-21452.270689011882
1,4,188,-14370.820595062205
2,4,188,-85984.26081795241
3,4,188,-43186.9946327761
1,5,188,-19068.781295583518
2,5,188,-114037.39270014146
3,5,188,-56917.739097624944
1,1,189,-2327.831677606535
2,1,189,-14281.490237932378
3,1,189,-7198.714705054588
1,2,189,-4789.0400703421565
2,2,189,-28749.315103117224
3,2,189,-14221.28731221858
1,3,189,-7214.629659586555
2,3,189,-42633.549972273926
3,3,189,-21452.270689011882
1,4,189,-14370.820595062205
2,4,189,-85984.26081795241
3,4,189,-43186.9946327761
1,5,189,-19068.781295583518
2,5,189,-114037.39270014146
3,5,189,-56917.739097624944
1,1,190,-2327.831677606535
2,1,190,-14281.490237932378
3,1,190,-7198.714705054588
1,2,190,-4789.0400703421565
2,2,190,-28749.315103117224
3,2,190,-14221.28731221858
1,3,190,-7214.629659586555
2,3,190,-42633.549972273926
3,3,190,-21452.270689011882
1,4,190,-14370.820595062205
2,4,190,-85984.26081795241
3,4,190,-43186.9946327761
1,5,190,-19068.781295583518
2,5,190,-114037.39270014146
3,5,190,-56917.739097624944
1,1,191,-2327.831677606535
2,1,191,-14281.490237932378
3,1,191,-7198.714705054588
1,2,191,-4789.0400703421565
2,2,191,-28749.315103117224
3,2,191,-14221.28731221858
1,3,191,-7214.629659586555
2,3,191,-42633.549972273926
3,3,191,-21452.270689011882
1,4,191,-14370.820595062205
2,4,191,-85984.26081795241
3,4,191,-43186.9946327761
1,5,191,-19068.781295583518
2,5,191,-114037.39270014146
3,5,191,-56917.739097624944
1,1,192,-2327.831677606535
2,1,192,-14281.490237932378
3,1,192,-7198.714705054588
1,2,192,-4789.0400703421565
2,2,192,-28749.315103117224
3,2,192,-14221.28731221858
1,3,192,-7214.629659586555
2,3,192,-42633.549972273926
3,3,192,-21452.270689011882
1,4,192,-14370.820595062205
2,4,192,-85984.26081795241
3,4,192,-43186.9946327761
1,5,192,-19068.781295583518
2,5,192,-114037.39270014146
3,5,192,-56917.739097624944
1,1,193,-2327.831677606535
2,1,193,-14281.490237932378
3,1,193,-7198.714705054588
1,2,193,-4789.0400703421565
2,2,193,-28749.315103117224
3,2,193,-14221.28731221858
1,3,193,-7214.629659586555
2,3,193,-42633.549972273926
3,3,193,-21452.270689011882
1,4,193,-14370.820595062205
2,4,193,-85984.26081795241
3,4,193,-43186.9946327761
1,5,193,-19068.781295583518
2,5,193,-114037.39270014146
3,5,193,-56917.739097624944
1,1,194,-2327.831677606535
2,1,194,-14281.490237932378
3,1,194,-7198.714705054588
1,2,194,-4789.0400703421565
2,2,194,-28749.315103117224
3,2,194,-14221.28731221858
1,3,194,-7214.629659586555
2,3,194,-42633.549972273926
3,3,194,-21452.270689011882
1,4,194,-14370.820595062205
2,4,194,-85984.26081795241
3,4,194,-43186.9946327761
1,5,194,-19068.781295583518
2,5,194,-114037.39270014146
3,5,194,-56917.739097624944
1,1,195,-2327.831677606535
2,1,195,-14281.490237932378
3,1,195,-7198.714705054588
1,2,195,-4789.0400703421565
2,2,195,-28749.315103117224
3,2,195,-14221.28731221858
1,3,195,-7214.629659586555
2,3,195,-42633.549972273926
3,3,195,-21452.270689011882
1,4,195,-14370.820595062205
2,4,195,-85984.26081795241
3,4,195,-43186.9946327761
1,5,195,-19068.781295583518
2,5,195,-114037.39270014146
3,5,195,-56917.739097624944
1,1,196,-2327.831677606535
2,1,196,-14281.490237932378
3,1,196,-7198.714705054588
1,2,196,-4789.0400703421565
2,2,196,-28749.315103117224
3,2,196,-14221.28731221858
1,3,196,-7214.629659586555
2,3,196,-42633.549972273926
3,3,196,-21452.270689011882
1,4,196,-14370.820595062205
2,4,196,-85984.26081795241
3,4,196,-43186.9946327761
1,5,196,-19068.781295583518
2,5,196,-114037.39270014146
3,5,196,-56917.739097624944
1,1,197,-2327.831677606535
2,1,197,-14281.490237932378
3,1,197,-7198.714705054588
1,2,197,-4789.0400703421565
2,2,197,-28749.315103117224
3,2,197,-14221.28731221858
1,3,197,-7214.629659586555
2,3,197,-42633.549972273926
3,3,197,-21452.270689011882
1,4,197,-14370.820595062205
2,4,197,-85984.26081795241
3,4,197,-43186.9946327761
1,5,197,-19068.781295583518
2,5,197,-114037.39270014146
3,5,197,-56917.739097624944
1,1,198,-2327.831677606535
2,1,198,-14281.490237932378
3,1,198,-7198.714705054588
1,2,198,-4789.0400703421565
2,2,198,-28749.315103117224
3,2,198,-14221.28731221858
1,3,198,-7214.629659586555
2,3,198,-42633.549972273926
3,3,198,-21452.270689011882
1,4,198,-14370.820595062205
2,4,198,-85984.26081795241
3,4,198,-43186.9946327761
1,5,198,-19068.781295583518
2,5,198,-114037.39270014146
3,5,198,-56917.739097624944
1,1,199,-2327.831677606535
2,1,199,-14281.490237932378
3,1,199,-7198.714705054588
1,2,199,-4789.0400703421565
2,2,199,-28749.315103117224
3,2,199,-14221.28731221858
1,3,199,-7214.629659586555
2,3,199,-42633.549972273926
3,3,199,-21452.270689011882
1,4,199,-14370.820595062205
2,4,199,-85984.26081795241
3,4,199,-43186.9946327761
1,5,199,-19068.781295583518
2,5,199,-114037.39270014146
3,5,199,-56917.739097624944
1,1,200,-2327.831677606535
2,1,200,-14281.490237932378
3,1,200,-7198.714705054588
1,2,200,-4789.0400703421565
2,2,200,-28749.315103117224
3,2,200,-14221.28731221858
1,3,200,-7214.629659586555
2,3,200,-42633.549972273926
3,3,200,-21452.270689011882
1,4,200,-14370.820595062205
2,4,200,-85984.26081795241
3,4,200,-43186.9946327761
1,5,200,-19068.781295583518
2,5,200,-114037.39270014146
3,5,200,-56917.739097624944
